projet_id,mois,annee,duree_projet_jours,nb_collaborateurs_actuels,charge_moyenne,charge_max,nb_conflits,nb_surcharges,nb_sous_charges,nb_anomalies_total,nb_collaborateurs_concernes,target_besoin_ressources_mois_suivant
10021,7,2024,164,213,69.96,77.4,0,1,23,24,16,284
10135,5,2026,245,4,72.75,77.99,1,3,2,6,4,5
10088,9,2024,535,3,55.27,90.38,0,3,2,5,2,1
10036,1,2025,355,4,120.21,148.04,2,4,0,6,4,10
10082,6,2025,860,107,72.97,79.85,0,0,4,4,2,39
10064,12,2026,340,7,89.8,111.48,1,0,1,2,2,8
10084,1,2027,607,9,87.52,108.14,0,0,0,0,0,9
10084,8,2026,607,12,82.27,104.0,1,4,2,7,6,9
10028,9,2024,164,3,98.15,126.41,0,0,0,0,0,6
10031,4,2026,881,121,101.43,109.1,2,2,1,5,4,96
10160,4,2025,592,34,73.47,103.36,1,2,0,3,2,44
10110,9,2025,675,12,97.91,141.2,3,0,0,3,3,8
10046,6,2026,221,18,55.88,76.68,2,0,0,2,2,15
10071,8,2024,540,21,77.09,112.49,0,0,1,1,1,19
10034,7,2026,383,17,92.78,119.97,0,1,0,1,1,16
10063,3,2026,605,9,85.9,121.6,0,0,0,0,0,11
10123,11,2026,194,7,79.64,95.96,0,0,0,0,0,8
10139,8,2025,498,80,86.04,120.42,1,1,0,2,2,127
10045,11,2025,725,32,78.64,117.3,0,1,0,1,1,30
10031,7,2026,881,102,64.02,76.67,1,0,19,20,10,102
10135,12,2025,245,4,76.03,88.07,0,0,3,3,3,1
10045,2,2027,725,23,105.15,135.58,2,0,3,5,3,32
10116,8,2024,631,14,76.04,97.78,0,0,2,2,1,12
10004,7,2026,564,37,71.7,115.34,0,0,4,4,2,70
10083,2,2027,131,46,83.3,97.67,0,0,0,0,0,43
10052,10,2024,319,8,97.06,138.58,2,1,1,4,2,12
10077,9,2025,219,358,67.88,97.41,1,2,17,20,11,262
10004,5,2026,564,31,92.69,137.89,3,0,0,3,2,30
10100,6,2024,850,13,76.44,110.06,1,0,0,1,1,18
10108,9,2024,647,8,92.49,132.77,2,0,0,2,2,6
10149,2,2025,722,40,100.4,106.67,0,5,1,6,4,58
10002,7,2024,847,1,155.74,190.0,0,0,1,1,1,4
10131,9,2024,446,9,96.95,118.68,0,0,2,2,1,3
10056,2,2026,414,88,86.47,107.02,0,1,11,12,6,102
10092,2,2024,321,17,63.3,103.92,0,0,0,0,0,11
10150,5,2026,534,30,108.85,133.57,0,1,4,5,4,36
10044,4,2027,187,16,88.94,114.57,2,6,3,11,7,16
10024,8,2024,549,228,89.7,98.64,0,0,0,0,0,156
10011,6,2026,866,32,101.23,126.65,4,2,0,6,3,34
10097,3,2025,544,5,90.01,131.32,0,0,0,0,0,4
10159,9,2025,165,145,81.34,96.0,0,0,1,1,0,137
10125,6,2026,862,22,79.86,105.66,2,0,2,4,3,19
10072,6,2026,859,92,112.55,128.66,2,13,2,17,10,142
10051,4,2026,536,47,95.4,111.83,0,0,2,2,1,43
10026,11,2025,115,6,91.89,129.7,2,4,0,6,4,9
10160,6,2026,592,58,69.82,104.9,1,2,5,8,7,56
10123,10,2025,194,11,98.0,119.82,2,3,1,6,3,12
10062,3,2025,286,4,93.51,124.91,0,0,0,0,0,5
10022,11,2024,626,11,120.58,182.21,2,6,0,8,4,12
10087,1,2027,809,14,72.56,94.05,1,0,3,4,3,14
10077,11,2024,219,285,82.22,87.22,0,0,0,0,0,183
10051,5,2027,536,49,94.19,122.32,3,3,3,9,8,53
10126,1,2025,565,2,97.77,136.07,2,0,0,2,1,6
10023,7,2025,159,52,100.99,113.09,0,7,0,7,3,34
10065,6,2027,518,234,148.56,189.39,50,68,1,119,84,177
10129,7,2025,339,8,89.5,116.54,0,3,0,3,2,4
10141,5,2025,910,16,81.88,118.62,0,1,5,6,5,24
10004,11,2026,564,34,93.15,115.65,0,0,0,0,0,27
10122,11,2024,593,6,82.73,114.41,0,3,0,3,2,3
10082,7,2026,860,97,129.01,163.37,11,34,0,45,27,103
10007,11,2024,303,36,112.28,135.79,3,10,1,14,7,44
10117,3,2026,484,19,94.1,118.61,0,2,1,3,2,26
10111,6,2026,146,9,65.59,104.54,0,0,1,1,1,13
10053,7,2024,224,16,62.58,82.36,2,0,4,6,5,13
10078,1,2025,555,40,73.38,92.29,1,0,0,1,1,38
10015,6,2024,454,12,70.55,87.51,0,0,0,0,0,12
10033,2,2026,95,6,91.94,121.36,1,0,0,1,1,12
10057,1,2026,274,24,120.74,147.61,1,10,3,14,10,17
10098,9,2025,238,146,78.4,85.13,1,5,3,9,8,127
10094,10,2026,257,5,104.6,112.16,0,0,4,4,3,1
10003,11,2025,290,123,98.09,102.23,0,1,0,1,1,145
10048,2,2027,655,81,83.86,95.78,1,0,1,2,1,30
10003,10,2024,290,57,86.52,120.66,4,0,0,4,2,58
10027,7,2026,268,6,72.33,109.56,0,1,2,3,2,2
10022,4,2024,626,12,89.92,100.44,3,2,0,5,3,12
10165,11,2024,864,65,82.03,107.98,0,3,0,3,2,48
10081,2,2025,768,2,112.24,164.6,0,2,0,2,1,4
10120,11,2024,378,13,96.31,109.6,0,5,1,6,4,13
10071,7,2025,540,28,75.78,106.26,0,2,2,4,2,28
10019,12,2024,488,15,86.1,122.87,0,0,0,0,0,13
10032,12,2024,410,226,80.9,92.82,1,0,1,2,1,291
10048,5,2025,655,82,73.91,114.35,4,1,3,8,5,85
10134,7,2024,124,3,49.99,91.78,0,0,0,0,0,1
10034,5,2025,383,31,77.45,112.45,1,0,0,1,1,40
10062,12,2025,286,2,91.41,101.5,2,1,2,5,2,4
10126,10,2027,565,2,86.08,105.71,2,0,0,2,1,1
10022,6,2025,626,15,110.08,156.13,1,2,0,3,2,19
10086,6,2027,139,13,83.59,92.38,0,2,0,2,2,4
10028,4,2025,164,7,52.72,58.53,0,0,2,2,1,1
10055,3,2026,145,15,109.19,155.44,5,0,0,5,3,16
10164,11,2025,498,44,100.32,131.91,2,7,6,15,8,43
10164,5,2026,498,43,116.4,157.86,1,13,0,14,8,51
10043,9,2024,187,7,87.93,110.56,0,3,0,3,3,7
10102,2,2027,654,2,73.07,112.14,2,2,2,6,2,2
10090,4,2025,422,10,93.93,135.8,3,2,1,6,3,11
10154,5,2025,199,158,72.21,79.09,0,0,9,9,7,156
10031,10,2025,881,150,88.14,94.98,0,1,0,1,1,252
10047,12,2024,278,3,96.86,138.39,0,2,2,4,2,2
10102,11,2025,654,7,88.04,100.7,0,0,4,4,3,4
10106,10,2024,697,5,142.55,167.69,2,5,0,7,4,8
10152,11,2025,639,5,131.93,163.68,3,0,1,4,2,3
10144,3,2026,189,18,61.6,66.07,2,7,2,11,10,17
10066,5,2025,132,92,94.36,124.38,3,2,0,5,3,122
10147,9,2024,471,18,98.29,119.86,0,0,1,1,1,31
10079,8,2024,706,7,89.86,122.2,0,1,1,2,2,7
10077,3,2026,219,380,95.47,132.1,20,1,1,22,19,380
10094,8,2025,257,15,68.15,83.79,0,0,0,0,0,16
10064,7,2025,340,9,94.02,109.22,0,0,0,0,0,7
10007,4,2024,303,35,82.77,109.71,0,0,0,0,0,29
10005,12,2024,184,11,85.58,92.62,1,3,1,5,3,13
10152,3,2027,639,3,75.7,94.89,0,0,0,0,0,3
10026,7,2025,115,8,99.0,103.55,0,0,2,2,1,9
10018,4,2024,175,118,99.99,134.66,6,10,1,17,13,52
10098,6,2025,238,108,94.95,129.59,4,0,1,5,4,145
10068,5,2025,851,58,98.35,112.37,0,2,0,2,1,54
10105,12,2025,301,15,100.81,140.17,2,2,0,4,3,21
10027,11,2026,268,5,94.28,139.63,0,2,0,2,1,10
10128,7,2024,746,239,74.71,85.76,0,0,8,8,7,269
10150,2,2025,534,32,122.36,178.21,6,8,0,14,11,37
10153,3,2026,93,16,80.74,92.05,0,0,1,1,0,16
10020,12,2024,119,52,98.05,105.3,0,3,1,4,2,67
10097,5,2026,544,2,93.44,109.88,1,2,0,3,2,9
10043,10,2025,187,10,95.23,115.09,1,0,0,1,1,10
10050,8,2024,750,126,112.51,156.67,10,33,0,43,33,138
10142,12,2025,918,6,97.66,108.82,0,5,1,6,5,6
10017,11,2024,559,132,103.14,142.27,5,9,0,14,11,160
10081,12,2024,768,3,98.99,148.07,1,1,0,2,2,3
10103,4,2026,561,2,91.11,98.92,0,1,1,2,2,2
10077,12,2026,219,363,95.01,133.84,5,0,1,6,4,380
10106,3,2025,697,5,115.04,141.56,1,0,0,1,1,5
10147,6,2024,471,18,72.33,82.91,0,1,1,2,2,16
10096,2,2026,592,8,109.7,138.29,0,0,0,0,0,7
10083,9,2025,131,73,96.31,105.51,2,1,0,3,3,68
10145,3,2026,863,9,109.34,141.16,0,2,4,6,4,10
10146,12,2024,105,7,74.18,106.15,1,0,1,2,1,11
10029,3,2024,904,13,93.81,136.08,2,1,0,3,1,15
10095,3,2025,270,12,85.86,116.05,1,2,3,6,3,14
10132,6,2025,662,52,101.83,141.82,0,9,1,10,5,55
10014,6,2026,128,18,101.98,116.65,0,2,1,3,2,16
10015,7,2025,454,22,85.1,124.6,1,3,0,4,3,28
10124,2,2025,177,9,106.12,131.67,0,1,0,1,1,13
10140,4,2026,672,119,66.09,93.69,4,0,12,16,8,101
10119,9,2025,887,14,88.57,129.26,0,0,2,2,1,13
10119,2,2025,887,12,91.87,105.12,2,0,0,2,1,5
10122,7,2026,593,11,95.84,112.89,1,0,1,2,1,6
10151,5,2025,99,145,83.62,106.15,0,0,2,2,1,158
10065,3,2025,518,222,118.88,151.25,14,60,0,74,33,246
10152,12,2026,639,4,94.27,132.14,0,0,0,0,0,4
10147,2,2027,471,15,101.24,115.87,0,1,0,1,0,13
10127,5,2027,510,11,83.21,121.09,1,2,1,4,3,15
10127,12,2026,510,9,76.17,91.55,0,0,1,1,1,7
10137,12,2025,630,156,134.61,160.66,17,92,3,112,95,189
10042,11,2026,626,19,81.77,113.2,3,0,0,3,3,15
10132,2,2025,662,30,116.59,162.78,2,8,1,11,10,35
10025,6,2024,621,32,69.01,76.83,0,3,5,8,6,30
10169,7,2027,425,13,82.07,102.85,1,0,0,1,1,17
10125,5,2024,862,16,97.57,104.51,0,0,0,0,0,15
10163,2,2024,782,6,81.54,86.12,2,0,2,4,2,5
10094,8,2026,257,10,68.77,108.62,0,2,1,3,2,5
10058,5,2026,304,240,86.37,101.6,1,7,0,8,7,158
10039,7,2025,691,77,90.92,104.3,0,1,7,8,5,38
10162,8,2026,863,20,84.98,112.25,0,2,0,2,1,26
10030,2,2025,243,27,101.01,152.43,2,3,3,8,3,3
10157,5,2026,786,4,77.35,99.76,0,3,0,3,1,1
10037,10,2024,273,5,93.64,103.47,0,0,0,0,0,5
10080,11,2026,639,155,78.0,100.19,0,2,1,3,2,104
10005,8,2026,184,18,92.73,132.59,1,2,0,3,2,19
10017,2,2024,559,144,65.96,81.58,0,0,12,12,9,155
10060,6,2024,192,14,115.55,134.97,1,0,0,1,1,13
10122,3,2025,593,6,111.79,163.54,2,0,2,4,3,7
10080,5,2025,639,177,110.11,142.72,8,29,2,39,32,231
10098,11,2026,238,134,82.82,97.37,0,0,0,0,0,114
10079,5,2025,706,15,76.93,87.1,1,1,3,5,3,16
10121,11,2025,305,380,106.97,144.93,31,23,1,55,47,380
10046,4,2024,221,12,79.42,115.88,0,3,2,5,4,11
10004,2,2026,564,27,88.75,135.44,1,0,1,2,1,32
10087,11,2025,809,11,86.62,97.71,2,3,2,7,4,14
10112,6,2025,434,15,92.75,114.86,0,0,2,2,1,7
10053,3,2026,224,20,90.9,96.65,0,0,0,0,0,16
10068,11,2026,851,88,69.37,77.36,0,0,12,12,6,58
10053,8,2026,224,17,81.7,103.24,0,0,3,3,2,10
10129,1,2024,339,8,84.74,100.18,0,0,0,0,0,2
10103,9,2024,561,3,74.13,95.25,0,0,2,2,1,3
10169,2,2028,425,10,89.98,108.84,0,1,1,2,1,1
10091,2,2025,140,24,76.2,101.69,2,1,0,3,3,26
10014,7,2024,128,11,86.17,103.34,0,2,1,3,2,11
10141,11,2025,910,21,98.41,119.33,1,4,1,6,5,21
10088,2,2026,535,5,87.04,109.18,2,4,1,7,3,4
10122,3,2026,593,13,87.22,127.76,0,4,3,7,6,13
10069,9,2025,570,102,75.35,101.15,0,1,2,3,2,104
10048,12,2024,655,75,79.36,83.71,0,0,2,2,2,66
10115,7,2025,399,46,105.26,124.96,3,2,0,5,4,45
10065,2,2025,518,209,99.23,150.86,9,7,0,16,7,227
10016,10,2024,101,299,113.28,141.97,16,85,0,101,80,255
10057,11,2026,274,21,87.95,126.22,0,0,1,1,1,17
10052,12,2024,319,9,59.97,92.38,0,4,2,6,3,11
10059,10,2025,918,34,86.84,112.44,0,0,3,3,2,22
10124,6,2026,177,8,105.99,148.59,1,3,0,4,3,5
10084,2,2026,607,13,87.52,126.62,1,0,0,1,0,14
10065,7,2025,518,241,75.19,116.86,4,0,34,38,34,199
10003,9,2026,290,155,80.52,90.3,0,0,1,1,1,86
10169,11,2026,425,21,81.82,108.64,2,1,1,4,2,29
10067,10,2026,683,45,106.0,145.81,5,7,0,12,8,31
10151,7,2024,99,108,62.95,89.79,0,0,9,9,7,96
10068,8,2025,851,60,88.84,105.68,2,1,0,3,2,42
10138,2,2026,592,27,89.21,107.13,0,3,1,4,4,33
10107,12,2025,885,22,90.21,95.01,0,0,0,0,0,29
10018,1,2026,175,201,113.04,152.23,20,54,0,74,57,258
10063,6,2025,605,6,89.37,102.17,0,0,0,0,0,7
10015,4,2026,454,32,55.61,76.61,0,1,14,15,7,41
10007,5,2025,303,48,92.66,117.42,0,0,2,2,1,57
10018,8,2025,175,220,105.66,125.0,7,15,1,23,21,226
10099,11,2027,532,3,116.01,157.31,0,0,0,0,0,6
10056,3,2027,414,76,71.11,87.19,0,3,4,7,4,68
10022,9,2027,626,9,95.99,151.64,0,0,1,1,1,9
10167,3,2027,804,38,79.86,106.88,1,0,4,5,2,25
10000,6,2025,605,21,101.78,122.15,0,1,1,2,1,23
10029,2,2025,904,19,80.48,86.71,3,1,0,4,3,26
10060,4,2026,192,13,94.12,134.79,0,2,3,5,4,13
10052,3,2024,319,6,92.54,124.5,0,0,0,0,0,4
10032,10,2025,410,262,76.71,88.74,0,0,0,0,0,228
10058,7,2026,304,196,91.22,101.98,0,0,0,0,0,211
10159,4,2025,165,144,78.94,113.12,1,1,4,6,3,144
10053,1,2025,224,21,87.26,110.75,0,0,0,0,0,14
10154,8,2026,199,126,87.57,95.62,0,0,0,0,0,200
10110,10,2024,675,15,93.01,120.45,0,5,0,5,2,9
10162,11,2024,863,14,93.99,105.9,1,0,0,1,1,11
10084,3,2026,607,13,83.26,89.16,0,3,2,5,2,10
10066,2,2025,132,94,87.74,111.88,1,2,1,4,2,73
10132,9,2024,662,31,83.78,99.39,1,0,4,5,2,28
10091,4,2024,140,15,76.35,117.1,1,4,2,7,4,15
10090,6,2024,422,12,93.97,117.83,2,0,0,2,1,9
10032,8,2024,410,123,73.83,100.09,0,0,5,5,4,93
10034,8,2026,383,15,63.6,103.6,0,0,1,1,0,12
10057,7,2024,274,23,89.15,120.26,2,1,0,3,1,40
10115,8,2026,399,35,122.98,173.35,1,17,0,18,13,33
10079,10,2024,706,10,97.12,128.82,0,0,0,0,0,14
10163,2,2027,782,7,94.75,125.79,0,1,0,1,1,6
10155,8,2026,426,49,95.4,143.41,3,0,0,3,1,49
10004,5,2027,564,34,93.56,111.27,0,2,0,2,1,30
10123,8,2025,194,12,87.08,119.98,1,0,0,1,1,9
10146,5,2025,105,9,83.52,111.79,0,3,1,4,3,11
10168,3,2026,102,274,69.33,84.92,1,1,27,29,22,276
10053,11,2024,224,17,97.24,134.08,0,0,4,4,3,21
10169,6,2026,425,19,106.3,140.91,3,1,0,4,2,27
10084,7,2025,607,13,101.53,112.38,3,0,1,4,2,18
10068,12,2024,851,50,84.92,99.28,0,2,0,2,1,71
10000,9,2025,605,27,110.65,143.97,2,8,0,10,8,26
10085,4,2024,297,5,85.55,123.01,1,1,0,2,1,6
10051,9,2027,536,45,82.66,89.09,0,0,0,0,0,63
10083,5,2025,131,73,62.87,104.71,0,7,13,20,18,43
10107,4,2027,885,20,95.27,108.17,3,1,1,5,4,21
10164,6,2027,498,53,85.47,112.71,0,0,1,1,0,28
10112,4,2025,434,17,110.55,130.32,0,7,2,9,5,14
10005,6,2025,184,23,85.32,113.65,1,0,0,1,1,13
10031,1,2027,881,66,75.03,81.03,0,3,3,6,3,90
10058,4,2026,304,249,87.6,95.91,1,0,0,1,0,174
10139,7,2025,498,96,75.88,89.97,0,2,0,2,1,121
10160,1,2025,592,43,90.51,132.26,1,1,0,2,2,34
10121,1,2026,305,341,74.18,103.85,1,0,9,10,4,376
10093,6,2025,510,14,74.88,102.3,0,0,2,2,2,12
10048,8,2025,655,90,81.52,120.08,2,5,1,8,6,96
10030,8,2025,243,25,91.26,123.21,2,0,1,3,2,34
10155,3,2027,426,36,87.09,109.48,2,3,2,7,5,27
10038,7,2026,221,13,92.73,134.84,2,0,0,2,1,10
10110,6,2024,675,13,102.39,121.46,0,0,0,0,0,7
10048,8,2026,655,105,88.22,102.66,4,4,0,8,5,94
10169,5,2027,425,16,102.84,125.18,0,3,2,5,2,14
10107,5,2027,885,19,59.52,97.37,0,0,6,6,5,15
10126,11,2024,565,2,93.06,104.87,0,1,0,1,1,3
10149,3,2025,722,39,87.39,99.02,2,2,0,4,2,43
10077,9,2026,219,380,76.22,81.58,0,0,26,26,18,213
10051,7,2025,536,50,98.5,103.37,1,1,2,4,2,37
10029,6,2024,904,16,82.44,107.9,0,1,0,1,1,28
10042,12,2025,626,11,58.91,71.46,0,4,0,4,2,15
10018,10,2025,175,187,95.57,132.57,12,0,0,12,9,222
10164,7,2024,498,27,65.66,70.7,0,0,1,1,1,11
10075,7,2025,735,9,83.43,104.19,0,0,0,0,0,6
10138,2,2024,592,13,94.73,127.43,2,0,1,3,2,11
10085,10,2024,297,6,86.88,134.79,3,5,0,8,6,4
10110,3,2025,675,14,82.01,134.19,0,2,0,2,1,17
10157,1,2026,786,4,84.78,125.0,0,1,0,1,0,4
10051,6,2025,536,54,73.17,92.35,2,2,3,7,5,81
10002,1,2027,847,4,83.68,95.85,0,0,0,0,0,4
10056,6,2026,414,92,77.79,115.71,2,1,1,4,3,113
10050,5,2025,750,174,108.57,138.5,13,22,0,35,32,200
10127,6,2025,510,19,69.96,78.07,2,2,4,8,5,17
10117,10,2025,484,20,115.23,154.81,0,0,0,0,0,16
10118,10,2025,692,25,90.35,105.05,0,0,0,0,0,23
10009,10,2025,655,193,101.48,134.89,7,13,0,20,13,169
10148,10,2026,491,47,88.66,125.01,2,0,1,3,2,16
10103,5,2027,561,1,96.55,110.08,1,0,0,1,0,1
10094,4,2024,257,8,84.73,126.54,2,0,1,3,2,9
10020,11,2025,119,82,83.6,106.89,2,0,2,4,3,131
10156,2,2024,175,15,66.78,83.83,0,0,5,5,3,11
10022,9,2024,626,10,109.83,153.72,2,3,0,5,3,9
10002,12,2025,847,4,70.55,96.14,0,2,0,2,1,6
10166,9,2026,134,2,92.16,123.54,0,0,0,0,0,1
10108,2,2026,647,9,80.09,108.37,0,6,5,11,5,6
10143,8,2025,727,50,97.94,109.06,0,0,0,0,0,39
10031,6,2025,881,129,91.13,105.66,4,0,0,4,3,145
10133,10,2025,566,109,69.1,89.82,0,1,4,5,2,99
10045,12,2027,725,11,75.19,117.08,2,0,2,4,3,16
10083,9,2024,131,69,70.81,109.7,0,0,1,1,0,102
10093,6,2027,510,9,99.53,131.49,2,3,0,5,3,12
10111,5,2024,146,6,76.17,88.88,1,0,0,1,1,3
10099,5,2025,532,11,84.52,111.25,2,0,0,2,1,11
10118,5,2026,692,21,64.51,84.48,0,1,4,5,4,19
10003,7,2024,290,46,83.24,99.59,0,2,0,2,1,47
10078,6,2025,555,51,120.5,133.9,0,5,2,7,5,41
10135,11,2025,245,3,107.24,126.07,3,3,1,7,3,5
10029,1,2025,904,18,89.03,102.38,0,3,0,3,2,32
10039,9,2024,691,39,81.96,107.3,1,2,1,4,2,28
10107,4,2026,885,22,90.9,129.65,1,0,0,1,1,22
10155,10,2024,426,32,141.97,185.81,0,22,0,22,18,28
10119,10,2024,887,9,109.53,149.05,0,1,2,3,2,6
10074,3,2024,717,31,79.89,114.12,0,6,0,6,4,16
10167,7,2026,804,53,100.64,127.65,0,3,0,3,2,79
10131,6,2025,446,11,70.27,75.38,1,1,3,5,4,16
10168,4,2025,102,180,86.6,121.77,2,0,0,2,2,250
10005,7,2025,184,19,55.34,61.13,1,1,7,9,6,22
10109,10,2025,200,16,67.65,80.04,0,0,2,2,2,20
10053,5,2026,224,21,79.41,115.19,2,0,2,4,2,25
10140,9,2025,672,100,74.52,109.48,0,0,3,3,2,37
10010,5,2024,809,5,93.64,102.05,0,0,3,3,2,7
10077,3,2027,219,312,82.47,123.23,3,0,2,5,4,214
10057,12,2026,274,15,90.64,96.31,1,1,0,2,1,13
10082,10,2026,860,116,84.16,89.0,0,4,2,6,5,116
10161,4,2026,614,6,84.09,118.06,0,0,2,2,1,8
10030,9,2024,243,31,94.96,124.99,3,0,1,4,3,50
10037,12,2024,273,4,87.95,122.34,0,2,1,3,1,8
10127,6,2027,510,11,73.88,107.9,0,2,0,2,1,9
10015,3,2027,454,17,81.12,107.02,0,0,0,0,0,17
10012,9,2025,423,9,91.0,100.43,0,1,3,4,2,7
10074,4,2026,717,33,85.6,107.93,1,0,2,3,3,37
10106,1,2026,697,6,103.48,108.11,0,0,0,0,0,5
10131,9,2025,446,7,140.88,162.07,0,0,3,3,1,7
10010,8,2024,809,8,75.74,91.61,0,0,0,0,0,11
10095,7,2026,270,10,67.62,88.6,0,0,1,1,1,20
10054,12,2024,871,153,73.87,96.37,2,3,4,9,5,218
10105,7,2024,301,12,90.75,125.26,1,0,0,1,1,15
10152,6,2025,639,6,101.87,116.33,0,5,0,5,4,3
10062,1,2025,286,3,102.31,120.1,3,1,0,4,3,8
10097,1,2025,544,5,80.05,95.95,1,2,2,5,4,1
10034,1,2025,383,17,93.79,136.74,2,0,4,6,5,17
10039,11,2024,691,32,131.2,182.52,3,1,0,4,2,36
10046,8,2025,221,24,77.0,97.19,0,3,0,3,2,30
10133,12,2024,566,97,101.44,114.77,2,8,0,10,5,71
10062,9,2024,286,4,91.92,105.6,0,0,0,0,0,1
10054,4,2024,871,143,65.48,74.07,1,0,16,17,13,116
10008,11,2024,140,30,136.42,179.36,4,16,3,23,11,29
10063,7,2026,605,12,74.29,88.37,2,1,2,5,4,6
10021,2,2025,164,282,94.87,123.67,12,0,0,12,9,380
10132,12,2026,662,44,68.3,106.51,2,2,5,9,5,18
10040,11,2024,729,4,80.59,108.12,1,4,3,8,4,1
10124,2,2027,177,9,66.16,81.34,1,0,0,1,1,12
10059,7,2025,918,25,94.98,106.88,1,0,0,1,0,30
10000,12,2024,605,15,76.01,83.55,0,0,0,0,0,13
10155,10,2025,426,47,114.13,145.09,4,13,0,17,16,25
10095,3,2028,270,8,78.25,98.08,2,4,2,8,6,6
10147,8,2024,471,18,85.87,112.71,0,0,0,0,0,17
10068,2,2027,851,67,82.6,105.76,0,0,1,1,1,42
10154,4,2025,199,131,78.99,112.55,1,1,1,3,1,112
10007,9,2024,303,29,78.77,112.7,0,3,3,6,3,37
10027,9,2027,268,3,89.93,109.84,0,0,0,0,0,2
10001,3,2025,682,8,96.12,127.42,0,0,0,0,0,10
10039,10,2025,691,60,84.77,102.86,0,0,0,0,0,53
10060,11,2024,192,18,92.7,121.16,1,0,3,4,4,10
10069,3,2025,570,60,126.1,157.23,3,20,0,23,18,62
10116,4,2027,631,20,55.0,71.72,3,0,8,11,9,18
10017,1,2026,559,143,100.49,119.23,1,0,9,10,7,159
10125,2,2025,862,25,86.22,106.71,0,5,0,5,4,18
10022,7,2025,626,13,102.18,126.04,2,0,0,2,2,15
10164,9,2024,498,24,80.3,92.22,0,1,0,1,1,12
10032,11,2024,410,197,103.29,150.03,19,28,0,47,27,243
10143,2,2024,727,21,81.09,92.22,1,1,1,3,2,33
10154,7,2026,199,99,88.9,122.61,2,2,0,4,2,190
10103,9,2025,561,1,107.17,164.24,0,0,0,0,0,1
10134,6,2025,124,3,109.76,141.64,1,1,0,2,2,1
10064,7,2024,340,6,82.79,91.89,0,1,0,1,1,7
10005,2,2025,184,13,86.51,113.03,0,0,0,0,0,10
10111,3,2026,146,7,84.77,96.39,0,1,0,1,1,10
10119,6,2025,887,13,97.48,134.94,0,0,0,0,0,16
10059,4,2025,918,27,101.46,133.67,0,2,0,2,1,33
10099,9,2026,532,9,78.58,107.31,0,0,0,0,0,4
10050,7,2024,750,114,94.64,134.91,4,0,0,4,3,59
10089,12,2024,840,5,87.59,127.27,0,3,0,3,2,4
10132,3,2025,662,33,104.8,145.19,1,0,3,4,3,43
10063,12,2024,605,4,92.2,96.86,0,0,0,0,0,5
10056,2,2025,414,53,79.55,104.72,0,2,0,2,1,56
10145,10,2025,863,10,92.0,96.23,0,0,0,0,0,13
10059,8,2026,918,15,74.15,91.76,2,0,0,2,2,22
10017,12,2024,559,105,119.9,151.93,7,32,15,54,23,82
10138,6,2024,592,14,77.91,99.54,1,0,1,2,1,16
10127,2,2027,510,10,88.12,100.57,3,2,0,5,3,8
10019,11,2026,488,25,102.3,114.33,3,0,0,3,3,23
10054,1,2025,871,159,82.31,109.33,1,0,2,3,2,194
10146,10,2025,105,9,106.01,144.53,0,1,0,1,0,16
10109,3,2025,200,18,56.09,81.95,0,0,11,11,8,20
10017,1,2024,559,149,66.64,93.93,0,2,7,9,8,171
10072,9,2026,859,92,90.61,109.96,0,0,0,0,0,97
10079,3,2024,706,5,98.68,113.27,0,0,3,3,2,2
10024,6,2026,549,228,63.91,101.96,1,0,31,32,14,196
10017,6,2024,559,100,111.65,144.76,5,10,0,15,10,149
10130,11,2024,655,11,71.86,103.23,0,1,1,2,2,8
10019,2,2027,488,17,66.32,80.34,0,1,1,2,1,24
10074,7,2026,717,23,104.45,128.05,2,3,2,7,6,44
10093,6,2026,510,13,126.84,146.53,2,5,0,7,5,11
10132,12,2025,662,60,82.83,114.52,3,1,0,4,3,47
10063,5,2027,605,7,78.72,101.41,0,0,2,2,2,4
10118,1,2025,692,17,114.28,150.82,2,7,0,9,5,24
10152,2,2026,639,5,109.34,158.95,0,2,0,2,2,7
10078,6,2026,555,59,97.68,112.46,1,0,1,2,1,70
10124,4,2026,177,7,110.24,154.76,0,0,0,0,0,8
10044,2,2025,187,14,93.05,118.15,1,1,0,2,1,13
10125,3,2025,862,22,92.15,99.84,3,0,1,4,3,22
10064,5,2025,340,9,109.62,137.2,0,0,0,0,0,7
10051,12,2025,536,50,104.31,122.78,2,5,2,9,7,57
10026,6,2025,115,8,110.55,145.56,3,7,2,12,8,11
10128,2,2024,746,231,108.51,131.18,6,41,0,47,24,179
10074,7,2024,717,25,79.74,115.8,0,0,0,0,0,34
10031,3,2026,881,127,105.33,109.5,1,6,1,8,7,125
10138,8,2025,592,24,96.04,122.12,1,0,0,1,1,30
10121,8,2025,305,380,94.09,126.75,6,3,0,9,8,262
10122,3,2027,593,7,87.09,113.28,1,2,2,5,3,7
10160,11,2024,592,31,84.45,95.66,0,0,1,1,1,40
10115,3,2025,399,32,137.0,190.0,2,27,1,30,16,29
10159,10,2026,165,76,78.11,117.97,2,1,0,3,2,49
10002,7,2026,847,4,81.94,90.07,0,2,0,2,1,7
10116,11,2025,631,14,101.11,130.86,1,4,0,5,3,22
10002,8,2024,847,1,140.65,190.0,1,1,0,2,1,2
10115,9,2025,399,40,125.03,165.63,3,15,0,18,13,31
10166,10,2026,134,2,75.47,81.97,0,1,0,1,1,1
10156,3,2025,175,12,100.91,123.7,0,5,1,6,5,10
10082,2,2026,860,114,80.18,112.73,14,0,0,14,8,56
10123,8,2026,194,9,89.24,110.05,0,0,1,1,1,7
10124,11,2025,177,10,87.38,101.62,0,0,0,0,0,7
10118,4,2026,692,25,82.04,91.21,4,0,0,4,2,16
10057,4,2026,274,34,72.27,105.27,1,1,0,2,1,30
10051,11,2026,536,55,83.37,122.91,2,0,0,2,2,40
10159,10,2024,165,113,71.84,109.97,1,0,3,4,2,152
10076,8,2025,327,40,83.31,124.83,2,1,2,5,3,39
10141,11,2024,910,15,76.6,118.39,3,0,0,3,2,22
10145,4,2024,863,8,87.04,120.99,0,0,2,2,1,7
10140,11,2025,672,109,109.18,131.53,6,14,3,23,18,57
10153,9,2025,93,13,102.54,118.25,0,3,1,4,2,10
10148,2,2024,491,26,85.34,114.11,2,0,0,2,1,46
10079,10,2025,706,15,87.58,113.57,0,0,0,0,0,25
10140,2,2027,672,153,66.98,99.01,1,0,26,27,17,194
10063,4,2026,605,11,89.25,108.43,0,0,0,0,0,14
10013,10,2026,838,8,76.84,97.33,0,0,2,2,1,11
10125,9,2027,862,10,83.61,114.27,0,0,0,0,0,10
10158,2,2025,277,12,79.58,97.61,4,0,0,4,3,18
10062,7,2024,286,3,81.61,105.89,1,0,0,1,1,2
10032,1,2026,410,212,96.3,124.63,4,0,1,5,4,196
10167,11,2026,804,43,93.43,114.42,0,0,0,0,0,37
10105,3,2026,301,14,106.45,149.42,1,4,4,9,6,14
10135,6,2026,245,3,82.26,112.88,0,0,1,1,1,7
10108,2,2025,647,10,72.12,100.95,0,1,0,1,1,13
10045,11,2024,725,31,109.27,114.98,0,2,1,3,2,22
10124,7,2026,177,6,103.58,138.33,3,0,0,3,2,6
10169,2,2026,425,24,87.86,120.76,1,2,2,5,4,21
10013,9,2025,838,16,84.16,123.72,0,1,1,2,2,14
10038,5,2025,221,10,89.04,97.61,0,0,0,0,0,6
10118,8,2025,692,21,88.48,117.3,1,1,0,2,2,10
10070,6,2025,469,9,87.82,110.4,0,4,2,6,4,6
10003,2,2026,290,126,118.32,129.33,2,37,3,42,30,113
10002,1,2026,847,6,79.75,109.87,1,0,1,2,1,3
10107,2,2027,885,19,42.0,58.49,1,1,11,13,9,24
10090,4,2027,422,15,98.0,126.41,1,0,0,1,1,13
10106,12,2024,697,6,93.17,132.51,0,1,1,2,2,8
10142,2,2025,918,7,82.65,105.88,0,0,0,0,0,7
10168,7,2024,102,139,106.39,119.68,0,15,2,17,14,86
10050,9,2026,750,113,114.47,160.56,9,20,0,29,20,135
10003,2,2028,290,77,85.1,105.54,0,2,0,2,1,129
10055,2,2025,145,25,99.26,135.46,4,0,0,4,3,35
10037,6,2026,273,5,65.22,99.74,0,0,2,2,1,2
10075,2,2027,735,6,74.9,91.63,1,0,2,3,2,9
10099,8,2024,532,11,82.89,104.2,0,0,1,1,1,19
10115,1,2026,399,39,107.92,146.18,6,6,0,12,11,35
10169,11,2027,425,10,80.25,85.27,0,0,3,3,2,11
10025,2,2026,621,48,72.84,98.15,0,3,0,3,2,65
10071,5,2025,540,32,86.64,93.68,0,0,0,0,0,23
10014,1,2026,128,13,96.13,146.29,2,0,0,2,1,15
10031,2,2026,881,127,107.13,118.91,0,8,0,8,6,68
10070,5,2024,469,7,67.34,89.21,0,3,4,7,3,6
10094,6,2025,257,14,91.86,109.81,0,0,0,0,0,20
10151,6,2025,99,144,120.05,139.01,3,55,0,58,44,170
10034,9,2026,383,14,101.07,114.49,2,2,1,5,4,1
10061,6,2024,854,121,70.02,86.85,1,2,5,8,5,70
10017,7,2025,559,122,94.06,137.53,8,0,0,8,5,156
10049,9,2024,145,380,79.79,115.21,1,0,0,1,0,342
10150,9,2026,534,25,112.24,161.75,1,9,1,11,8,41
10111,7,2024,146,9,81.55,86.04,0,1,0,1,1,5
10086,6,2025,139,14,99.24,140.03,0,2,4,6,5,12
10158,5,2027,277,16,77.34,109.06,1,3,0,4,2,17
10095,1,2028,270,6,72.02,76.03,1,0,0,1,1,8
10105,5,2025,301,11,95.13,136.97,3,2,0,5,4,19
10103,9,2026,561,1,114.68,149.59,0,1,0,1,1,4
10086,3,2027,139,18,110.35,128.39,0,2,2,4,3,20
10123,5,2027,194,5,67.23,76.46,0,0,1,1,0,6
10121,3,2025,305,380,111.0,131.09,24,89,0,113,73,380
10016,8,2025,101,335,108.78,128.91,8,37,0,45,41,277
10018,11,2025,175,197,93.28,109.23,0,4,2,6,5,172
10099,10,2025,532,16,78.82,95.63,0,0,0,0,0,17
10168,8,2024,102,147,110.96,127.13,2,20,0,22,16,156
10078,8,2025,555,45,93.73,138.32,2,0,2,4,2,52
10093,12,2026,510,10,85.5,127.18,1,0,0,1,1,12
10010,6,2025,809,10,85.59,120.99,1,0,0,1,0,8
10022,9,2026,626,14,115.87,154.45,0,2,1,3,2,19
10110,1,2024,675,13,89.25,108.59,0,0,0,0,0,13
10080,6,2024,639,138,78.74,83.94,0,0,0,0,0,117
10051,3,2025,536,39,91.29,106.9,0,3,0,3,2,31
10009,1,2025,655,124,56.91,93.55,0,0,30,30,23,173
10101,8,2025,469,37,94.62,129.14,2,2,0,4,3,21
10055,8,2026,145,11,97.51,140.6,0,2,0,2,1,16
10095,12,2027,270,5,82.22,103.27,0,0,1,1,1,3
10065,9,2025,518,226,104.26,153.12,24,8,1,33,28,258
10023,9,2024,159,38,118.79,132.78,0,13,0,13,12,36
10129,11,2025,339,8,113.61,131.78,0,0,1,1,1,5
10144,4,2026,189,17,57.57,68.0,0,0,1,1,0,6
10003,7,2026,290,168,72.27,92.52,2,0,2,4,3,160
10093,8,2024,510,8,97.71,108.72,0,8,1,9,8,16
10012,10,2024,423,5,140.66,190.0,0,5,0,5,3,8
10107,7,2027,885,15,82.55,110.53,2,1,2,5,4,19
10042,7,2025,626,13,72.02,79.29,0,0,2,2,1,13
10047,7,2026,278,3,93.68,123.46,0,0,1,1,1,3
10157,2,2026,786,4,75.26,86.8,0,0,0,0,0,5
10099,8,2027,532,5,80.74,100.6,1,0,0,1,1,8
10076,4,2025,327,44,94.73,134.41,2,0,2,4,3,61
10116,9,2024,631,14,51.97,86.91,1,0,1,2,1,20
10037,2,2025,273,6,87.59,107.34,0,3,0,3,2,6
10094,9,2026,257,7,78.25,106.54,0,1,3,4,2,8
10037,11,2025,273,8,78.46,114.73,0,0,1,1,1,10
10117,6,2025,484,20,73.89,101.18,0,0,4,4,3,14
10019,9,2026,488,20,104.42,140.11,1,2,0,3,2,5
10029,10,2024,904,19,97.01,127.48,0,1,2,3,2,28
10149,2,2027,722,23,90.2,130.32,1,1,1,3,3,19
10051,4,2027,536,46,70.54,77.02,0,5,1,6,4,39
10098,1,2025,238,76,85.2,97.77,0,0,0,0,0,71
10040,3,2026,729,3,134.22,180.69,0,1,1,2,1,1
10159,7,2025,165,119,82.92,92.84,1,0,0,1,1,121
10153,7,2025,93,14,98.04,134.88,1,0,0,1,1,13
10072,10,2025,859,70,121.92,153.18,3,32,0,35,20,103
10057,5,2025,274,28,107.24,140.03,2,2,0,4,3,42
10167,5,2025,804,57,105.29,125.38,3,3,0,6,3,40
10045,5,2027,725,18,78.46,89.36,0,0,1,1,1,17
10099,12,2026,532,8,110.53,141.27,0,0,0,0,0,2
10159,6,2025,165,129,88.02,107.03,0,0,0,0,0,78
10026,12,2024,115,5,84.51,102.96,0,0,0,0,0,8
10002,5,2027,847,2,133.28,163.69,2,2,0,4,2,1
10014,11,2025,128,15,117.16,160.91,2,5,0,7,3,24
10082,9,2025,860,95,123.14,137.02,2,44,0,46,22,119
10117,11,2024,484,17,95.69,120.83,0,0,2,2,2,14
10042,12,2026,626,12,106.68,139.34,0,0,0,0,0,10
10041,7,2025,327,10,86.66,107.46,0,0,3,3,2,7
10005,2,2026,184,19,98.47,133.2,0,3,0,3,1,20
10169,4,2026,425,22,70.45,110.03,2,4,5,11,7,21
10025,10,2025,621,45,105.17,133.21,0,10,0,10,7,42
10068,4,2026,851,71,92.89,115.07,1,1,0,2,1,135
10035,11,2024,335,9,123.78,172.98,1,9,2,12,6,8
10080,8,2025,639,239,76.97,102.33,0,0,0,0,0,170
10123,10,2024,194,9,117.81,140.74,2,4,0,6,3,11
10079,4,2024,706,7,85.58,99.07,0,2,3,5,4,12
10019,3,2025,488,20,80.7,113.06,2,1,0,3,2,6
10125,5,2027,862,13,68.69,99.48,0,0,4,4,2,15
10162,12,2024,863,16,91.78,125.24,0,0,1,1,1,14
10011,1,2025,866,41,89.53,131.89,3,0,2,5,4,52
10084,12,2025,607,13,108.15,137.18,0,2,0,2,1,20
10055,1,2026,145,15,96.14,145.31,3,1,1,5,4,16
10056,11,2026,414,72,58.03,96.45,0,2,5,7,5,79
10122,8,2025,593,9,82.8,93.03,2,3,0,5,3,13
10045,6,2025,725,37,108.58,141.38,5,5,0,10,7,50
10112,10,2025,434,15,92.76,116.08,0,0,0,0,0,15
10162,6,2025,863,22,82.22,118.01,1,0,0,1,1,12
10110,8,2025,675,15,83.62,94.43,1,2,0,3,3,13
10121,9,2024,305,293,98.95,146.38,22,7,0,29,22,287
10015,10,2026,454,24,81.29,96.9,0,0,0,0,0,21
10042,10,2027,626,10,93.71,124.27,1,0,0,1,1,13
10125,12,2026,862,16,77.58,87.86,1,0,0,1,1,15
10038,5,2027,221,6,109.11,128.53,0,0,1,1,0,11
10121,9,2025,305,380,135.85,151.19,20,166,2,188,116,380
10117,6,2027,484,15,124.89,171.02,1,6,0,7,3,12
10065,10,2026,518,206,120.07,162.27,7,49,0,56,50,257
10047,2,2026,278,5,102.55,140.97,0,2,5,7,3,5
10022,7,2026,626,16,88.74,113.24,0,0,1,1,1,17
10127,2,2025,510,21,61.43,94.49,0,2,4,6,4,20
10022,8,2025,626,15,106.18,150.73,1,2,1,4,2,9
10101,3,2025,469,25,107.79,118.51,1,4,2,7,6,17
10135,10,2025,245,2,110.19,128.57,0,0,0,0,0,3
10027,4,2027,268,4,64.39,88.66,0,0,0,0,0,5
10155,7,2025,426,43,107.28,129.7,1,6,1,8,7,65
10146,7,2025,105,10,62.12,97.06,0,1,0,1,1,14
10039,6,2025,691,70,81.06,111.51,0,0,0,0,0,69
10124,6,2025,177,10,89.25,133.31,2,0,3,5,4,4
10114,3,2024,649,9,99.97,111.72,0,4,5,9,6,6
10011,6,2025,866,55,69.99,95.45,0,3,4,7,6,37
10127,4,2026,510,15,81.38,94.81,0,5,0,5,5,14
10132,8,2024,662,28,85.94,100.22,0,0,3,3,3,35
10125,10,2025,862,20,76.78,90.49,2,0,0,2,1,27
10108,12,2025,647,8,84.13,96.81,0,1,0,1,0,9
10156,7,2025,175,10,118.34,163.48,2,6,0,8,4,9
10113,3,2026,309,5,92.09,131.57,3,0,2,5,2,5
10083,2,2024,131,50,66.34,82.25,0,0,9,9,8,52
10158,1,2026,277,17,94.35,120.1,0,0,0,0,0,20
10057,2,2025,274,19,114.57,152.1,3,4,1,8,4,22
10161,7,2024,614,4,100.23,126.58,2,2,1,5,2,6
10167,8,2025,804,57,103.04,115.33,1,0,0,1,1,53
10169,9,2024,425,22,95.56,129.74,0,3,0,3,2,16
10078,5,2027,555,31,84.19,121.73,1,4,0,5,2,26
10005,11,2024,184,11,98.73,119.89,0,0,0,0,0,14
10164,6,2026,498,44,97.67,121.13,1,4,1,6,5,56
10116,11,2026,631,17,102.11,107.59,2,2,1,5,4,20
10083,11,2025,131,88,88.7,95.31,2,1,0,3,2,64
10123,7,2024,194,9,93.17,127.87,0,0,0,0,0,4
10150,7,2026,534,28,101.77,122.46,1,1,0,2,1,13
10102,6,2026,654,4,101.96,131.11,0,0,0,0,0,2
10051,3,2027,536,52,95.17,133.42,2,2,0,4,3,67
10083,8,2024,131,63,90.27,126.23,0,0,0,0,0,111
10005,7,2024,184,9,72.52,90.09,1,0,2,3,2,3
10159,12,2024,165,137,71.73,109.55,0,1,11,12,10,130
10068,9,2026,851,95,99.22,139.59,5,7,0,12,8,121
10009,3,2027,655,115,78.1,97.68,1,0,2,3,2,164
10064,1,2027,340,8,103.38,145.96,2,0,0,2,1,10
10117,4,2024,484,12,79.18,89.63,0,0,0,0,0,11
10048,11,2024,655,76,71.21,102.76,2,1,8,11,7,60
10078,10,2026,555,54,103.85,149.52,5,7,2,14,6,37
10169,12,2025,425,24,86.66,128.65,3,1,0,4,2,18
10133,6,2025,566,113,64.92,103.51,0,1,12,13,10,151
10083,1,2026,131,60,90.06,100.9,0,0,0,0,0,11
10147,9,2027,471,10,79.55,86.88,0,2,0,2,1,5
10058,10,2026,304,108,75.83,89.36,0,1,0,1,1,159
10142,1,2025,918,6,74.59,103.3,0,3,0,3,2,3
10111,2,2024,146,5,66.99,94.44,0,0,0,0,0,11
10111,5,2026,146,11,91.4,116.97,3,6,2,11,8,8
10053,10,2024,224,12,71.17,106.15,1,4,0,5,4,15
10003,7,2025,290,76,92.37,126.98,1,0,0,1,1,114
10125,11,2024,862,18,103.34,133.97,1,2,0,3,2,19
10019,6,2026,488,24,95.02,136.03,2,0,1,3,1,28
10086,8,2025,139,12,82.25,132.15,0,1,2,3,2,20
10024,9,2025,549,380,99.66,117.35,3,21,0,24,17,371
10103,3,2028,561,1,78.59,104.15,0,0,0,0,0,1
10073,2,2026,689,7,83.58,120.55,1,2,0,3,3,9
10143,1,2025,727,41,111.64,153.22,0,11,5,16,11,25
10064,12,2025,340,8,118.04,149.81,3,1,0,4,2,15
10154,7,2025,199,151,77.16,114.25,3,0,0,3,2,153
10154,10,2025,199,143,72.34,90.72,1,3,5,9,6,132
10011,2,2025,866,43,88.45,128.16,2,1,1,4,2,54
10055,9,2025,145,17,74.05,91.42,0,0,0,0,0,23
10152,4,2027,639,1,158.0,190.0,1,1,0,2,1,2
10001,11,2024,682,9,75.09,85.45,0,0,3,3,2,8
10024,3,2025,549,240,102.33,125.08,2,21,0,23,17,141
10090,9,2026,422,13,97.78,112.21,0,1,1,2,2,12
10039,5,2026,691,69,90.38,103.99,3,1,1,5,4,74
10063,11,2025,605,8,93.56,114.36,3,0,3,6,3,5
10062,4,2025,286,4,96.86,128.68,0,0,0,0,0,6
10046,7,2024,221,9,68.66,108.52,0,0,2,2,2,7
10146,3,2024,105,8,79.7,87.96,0,1,0,1,1,5
10078,9,2025,555,48,105.09,141.4,4,6,1,11,9,66
10039,1,2025,691,42,120.19,141.36,2,14,3,19,15,43
10003,12,2027,290,118,73.99,108.68,1,0,0,1,1,112
10025,1,2025,621,41,98.35,117.04,0,0,0,0,0,42
10130,10,2026,655,13,64.89,92.32,0,1,1,2,1,20
10038,6,2026,221,11,122.88,161.23,1,0,0,1,0,9
10120,12,2025,378,8,121.19,179.0,4,3,1,8,4,11
10103,11,2027,561,1,86.89,105.46,1,0,0,1,1,6
10143,10,2024,727,34,94.45,127.46,1,0,0,1,1,24
10001,6,2026,682,6,103.76,114.93,0,0,2,2,1,1
10102,6,2027,654,3,81.25,107.1,0,3,0,3,3,6
10160,11,2025,592,62,118.7,163.57,6,8,1,15,11,80
10153,9,2024,93,13,64.71,99.95,0,0,0,0,0,6
10073,7,2024,689,6,59.37,82.98,0,0,0,0,0,6
10136,10,2025,854,95,48.41,82.84,1,0,45,46,20,66
10115,5,2026,399,39,125.86,148.7,7,16,1,24,13,43
10162,1,2027,863,17,60.73,72.44,0,0,7,7,4,10
10111,4,2026,146,9,106.42,122.2,0,0,3,3,3,12
10125,10,2024,862,18,60.03,71.64,2,1,7,10,5,15
10042,10,2025,626,11,88.7,96.07,0,3,0,3,2,16
10052,1,2026,319,9,74.48,94.8,0,0,2,2,1,9
10149,6,2025,722,46,96.81,107.97,0,0,0,0,0,45
10065,10,2025,518,225,101.25,129.21,8,2,0,10,4,173
10143,4,2024,727,20,87.55,99.08,1,1,0,2,1,23
10117,6,2026,484,22,123.9,149.88,2,10,1,13,6,26
10095,11,2026,270,11,99.74,131.94,0,0,0,0,0,11
10091,6,2025,140,30,88.59,108.69,4,4,2,10,5,37
10132,10,2025,662,52,94.07,112.09,0,1,1,2,1,63
10145,6,2024,863,8,66.39,82.46,2,0,0,2,1,9
10132,5,2025,662,50,94.59,123.47,1,2,0,3,2,59
10156,1,2026,175,8,84.06,113.47,0,0,0,0,0,6
10088,6,2026,535,4,63.58,68.68,0,2,0,2,1,4
10074,12,2026,717,27,94.39,102.01,0,0,0,0,0,17
10148,7,2024,491,32,85.84,121.19,2,3,0,5,4,28
10059,11,2024,918,28,107.02,147.25,3,1,0,4,4,25
10095,3,2027,270,10,83.06,111.71,1,0,0,1,1,10
10049,6,2026,145,322,72.58,94.34,0,1,7,8,6,380
10162,6,2024,863,13,76.07,98.54,0,0,0,0,0,14
10152,8,2026,639,4,86.27,121.85,0,1,0,1,1,5
10147,4,2026,471,23,102.75,140.34,1,2,2,5,4,33
10145,11,2025,863,11,81.02,112.16,1,5,0,6,5,11
10107,2,2024,885,11,84.55,95.0,0,0,0,0,0,11
10126,1,2027,565,4,69.26,80.89,0,0,0,0,0,1
10134,2,2025,124,1,142.34,190.0,1,1,1,3,1,8
10117,9,2025,484,17,88.33,119.22,3,5,0,8,5,22
10066,4,2024,132,59,88.27,115.47,0,0,2,2,2,59
10087,3,2026,809,10,103.7,122.57,0,3,0,3,3,10
10063,7,2025,605,7,78.72,86.38,0,0,1,1,1,9
10147,3,2026,471,19,59.56,84.12,2,5,5,12,6,26
10005,9,2026,184,22,88.8,95.94,1,2,0,3,1,30
10061,11,2025,854,118,101.86,140.44,8,8,4,20,10,72
10154,11,2024,199,93,100.01,133.74,5,0,1,6,4,168
10036,12,2024,355,5,94.03,105.59,0,0,0,0,0,1
10088,8,2025,535,2,109.05,133.21,0,0,2,2,1,2
10137,10,2025,630,159,114.7,132.55,8,23,1,32,16,252
10141,2,2025,910,18,78.78,100.35,0,0,0,0,0,13
10045,5,2026,725,25,98.9,135.96,2,2,0,4,3,26
10108,7,2025,647,9,81.38,91.24,0,5,1,6,3,3
10016,1,2025,101,363,85.47,102.57,8,0,0,8,5,304
10054,5,2026,871,169,68.76,102.82,1,1,13,15,12,113
10049,7,2025,145,380,118.46,127.73,9,60,0,69,29,299
10168,11,2025,102,309,95.03,120.6,7,2,2,11,8,307
10034,10,2024,383,25,81.65,107.29,2,2,1,5,5,37
10027,9,2024,268,6,74.62,104.51,2,0,1,3,1,2
10085,5,2024,297,5,99.48,124.38,0,1,0,1,1,6
10106,7,2024,697,6,90.86,105.66,0,0,0,0,0,6
10087,1,2026,809,10,91.16,127.11,0,0,1,1,0,11
10015,8,2027,454,16,100.52,118.11,0,5,1,6,3,14
10157,9,2024,786,2,77.62,114.58,0,2,0,2,1,1
10022,6,2027,626,12,126.08,147.53,0,1,0,1,1,5
10113,7,2024,309,3,77.4,99.8,2,0,1,3,2,6
10091,12,2025,140,24,68.58,92.54,0,4,6,10,8,26
10137,10,2024,630,118,93.97,118.36,3,0,0,3,2,105
10086,3,2026,139,16,98.59,114.07,0,0,6,6,3,9
10161,4,2025,614,9,75.11,106.19,0,0,0,0,0,11
10117,4,2025,484,14,104.87,137.09,1,1,0,2,1,18
10135,8,2024,245,2,85.94,111.02,0,2,1,3,2,3
10034,9,2025,383,33,96.56,134.11,3,3,0,6,5,24
10080,5,2024,639,114,80.01,95.2,1,2,1,4,2,116
10139,8,2026,498,89,82.74,123.28,2,1,2,5,4,74
10048,6,2026,655,112,53.69,90.61,0,0,24,24,16,81
10149,4,2025,722,39,122.59,133.54,0,6,1,7,5,40
10076,6,2025,327,42,100.52,119.24,1,5,3,9,4,42
10044,7,2025,187,14,71.55,107.4,0,1,1,2,2,12
10110,6,2025,675,13,99.02,123.87,2,1,4,7,4,8
10016,9,2024,101,287,93.98,99.45,3,0,5,8,5,277
10047,11,2025,278,7,81.51,104.88,0,1,2,3,2,9
10155,7,2026,426,54,116.37,138.51,3,11,0,14,9,64
10067,4,2025,683,70,107.45,130.9,4,11,0,15,10,141
10146,11,2024,105,8,89.41,118.92,0,0,0,0,0,11
10086,7,2027,139,10,87.79,109.39,0,0,3,3,2,14
10042,2,2025,626,10,71.65,87.67,0,0,0,0,0,7
10018,6,2024,175,128,66.01,90.63,2,2,12,16,11,148
10124,3,2028,177,2,101.81,129.43,0,0,2,2,1,6
10153,11,2024,93,10,84.17,107.46,0,1,0,1,1,13
10162,11,2025,863,18,93.31,111.68,0,1,0,1,0,15
10139,3,2026,498,98,82.87,112.11,2,0,2,4,3,147
10104,9,2024,249,22,91.79,118.8,3,2,2,7,6,17
10135,1,2027,245,1,81.26,125.38,0,0,0,0,0,2
10130,9,2025,655,12,70.68,99.33,0,0,1,1,1,11
10056,1,2025,414,51,103.47,135.24,1,7,2,10,5,53
10068,5,2026,851,85,113.91,135.96,4,8,2,14,10,138
10091,11,2025,140,24,72.82,96.96,3,3,1,7,5,33
10169,7,2024,425,24,85.43,126.3,0,2,1,3,2,22
10148,2,2027,491,61,87.1,116.27,0,1,0,1,1,52
10074,2,2027,717,19,73.18,103.51,0,0,0,0,0,16
10047,5,2026,278,4,123.67,153.53,4,4,3,11,4,3
10024,12,2025,549,269,116.89,130.23,9,76,0,85,46,235
10143,6,2025,727,37,110.72,142.57,1,5,0,6,4,39
10038,8,2026,221,14,74.09,91.66,0,1,0,1,1,16
10015,7,2027,454,14,90.68,127.39,2,0,1,3,2,6
10124,9,2026,177,9,70.02,95.32,0,0,0,0,0,2
10082,8,2025,860,91,101.97,110.36,3,17,1,21,11,126
10104,12,2025,249,24,73.91,97.78,0,0,0,0,0,20
10082,6,2026,860,88,135.15,182.71,15,27,0,42,33,72
10161,1,2026,614,9,68.51,97.92,1,6,4,11,5,16
10163,3,2024,782,4,92.33,114.2,2,2,2,6,4,5
10085,8,2026,297,3,145.46,190.0,0,3,0,3,2,1
10148,11,2025,491,55,100.83,118.62,3,4,0,7,4,69
10065,7,2026,518,191,130.56,178.34,19,106,2,127,100,136
10049,6,2025,145,380,101.34,127.86,41,18,0,59,38,380
10093,11,2027,510,12,101.4,118.89,0,0,2,2,1,12
10117,5,2025,484,17,119.46,148.41,1,4,3,8,6,16
10091,5,2024,140,15,97.64,139.62,0,0,0,0,0,25
10077,5,2025,219,337,85.82,120.53,13,2,0,15,12,245
10022,8,2024,626,10,95.17,112.55,2,2,2,6,3,7
10004,4,2026,564,27,123.89,160.07,0,4,0,4,3,36
10157,4,2027,786,2,117.47,152.0,2,0,0,2,2,3
10085,6,2025,297,7,87.37,117.27,0,0,0,0,0,6
10132,4,2026,662,70,68.99,104.28,1,0,10,11,9,59
10163,8,2025,782,7,111.89,134.69,1,7,3,11,6,11
10012,12,2024,423,5,107.03,119.87,0,3,1,4,2,4
10022,10,2025,626,13,116.68,169.34,1,4,0,5,4,16
10152,3,2025,639,8,77.97,111.2,0,0,0,0,0,6
10157,2,2025,786,2,56.07,84.47,0,0,2,2,1,3
10102,3,2025,654,6,81.03,95.06,0,0,2,2,2,5
10022,3,2026,626,15,112.73,163.28,0,4,1,5,3,18
10081,10,2024,768,5,85.73,115.62,0,2,0,2,1,4
10127,2,2026,510,16,79.82,88.52,0,0,0,0,0,10
10124,3,2026,177,9,79.91,111.08,0,5,1,6,4,5
10038,12,2026,221,9,79.04,109.2,0,0,1,1,1,8
10106,7,2025,697,7,107.85,150.38,0,0,0,0,0,5
10146,4,2024,105,6,81.36,92.02,1,2,1,4,3,1
10123,9,2026,194,7,108.14,128.47,0,0,2,2,1,8
10160,10,2025,592,57,86.5,102.17,1,1,0,2,1,82
10163,10,2024,782,4,106.25,123.38,2,1,0,3,1,4
10153,4,2025,93,12,127.24,168.58,1,4,0,5,3,14
10062,8,2025,286,4,80.26,122.19,0,1,2,3,2,6
10051,12,2026,536,55,101.66,122.7,1,3,0,4,2,50
10083,12,2025,131,79,78.87,113.63,3,0,1,4,3,61
10107,10,2024,885,10,95.18,112.28,0,4,0,4,3,8
10036,2,2025,355,5,133.07,186.06,3,1,0,4,3,4
10166,4,2024,134,3,71.74,92.04,2,3,0,5,3,4
10005,6,2024,184,11,77.48,118.77,4,0,1,5,4,7
10159,7,2024,165,115,84.0,122.18,1,0,0,1,0,69
10064,5,2026,340,12,118.84,125.38,2,5,0,7,6,12
10152,10,2024,639,7,103.22,117.86,0,0,0,0,0,6
10087,11,2024,809,7,81.4,117.82,0,0,0,0,0,6
10032,8,2025,410,264,86.07,98.31,0,0,28,28,18,267
10147,8,2025,471,20,81.69,90.52,0,1,0,1,1,15
10101,7,2025,469,40,88.6,112.6,0,0,0,0,0,54
10007,3,2026,303,58,84.56,95.11,0,3,4,7,3,62
10004,6,2025,564,18,85.14,119.2,0,2,0,2,1,26
10163,9,2025,782,7,109.17,152.75,1,1,0,2,1,7
10086,9,2024,139,8,77.94,91.85,0,0,1,1,1,6
10061,10,2024,854,104,112.6,124.19,2,7,0,9,4,140
10040,5,2026,729,2,158.0,190.0,1,0,0,1,1,1
10055,11,2024,145,22,70.91,87.13,3,2,3,8,7,21
10056,5,2026,414,100,75.66,107.9,0,0,0,0,0,78
10090,1,2028,422,9,80.47,94.66,0,1,0,1,1,13
10098,6,2027,238,138,86.39,120.36,3,0,0,3,1,96
10117,10,2024,484,16,115.12,127.13,0,4,2,6,5,19
10103,5,2025,561,1,147.95,190.0,1,0,0,1,0,1
10052,7,2025,319,12,80.18,86.14,0,0,0,0,0,11
10106,12,2025,697,7,58.81,72.17,2,0,0,2,1,1
10156,6,2025,175,11,115.42,145.39,0,8,1,9,5,9
10016,10,2025,101,380,119.13,136.17,28,159,2,189,83,380
10098,8,2025,238,110,92.37,117.37,3,0,3,6,5,101
10019,9,2024,488,11,76.33,88.72,1,2,3,6,4,18
10117,9,2026,484,20,98.16,109.26,0,3,0,3,2,15
10096,7,2024,592,6,106.06,149.14,2,1,2,5,3,3
10151,1,2026,99,111,60.13,88.06,1,0,28,29,18,133
10140,10,2027,672,81,100.72,129.3,3,3,2,8,7,93
10051,4,2025,536,48,95.24,112.98,3,4,1,8,3,53
10109,6,2025,200,17,75.53,112.63,0,4,0,4,2,15
10064,1,2026,340,10,108.9,118.47,2,0,0,2,1,10
10126,4,2025,565,1,136.33,175.89,0,0,0,0,0,2
10048,3,2027,655,90,67.58,82.6,0,0,4,4,3,72
10116,12,2024,631,15,99.37,126.2,0,0,4,4,3,15
10130,1,2026,655,13,91.14,98.22,0,0,1,1,1,8
10104,3,2025,249,28,94.89,112.7,0,0,0,0,0,39
10078,6,2027,555,36,93.82,118.6,1,0,2,3,2,35
10115,1,2027,399,46,109.78,131.64,5,8,0,13,10,35
10022,4,2027,626,15,110.43,151.89,1,10,1,12,8,16
10011,9,2024,866,43,92.6,105.03,2,3,0,5,3,45
10104,4,2026,249,28,79.34,110.48,0,0,1,1,1,34
10081,10,2025,768,3,64.87,83.49,0,1,1,2,2,2
10011,8,2025,866,61,64.68,82.72,0,3,10,13,6,38
10104,10,2025,249,22,106.08,147.51,3,2,0,5,2,12
10014,3,2026,128,19,108.8,125.39,0,0,1,1,1,8
10133,11,2025,566,107,53.4,60.05,0,0,22,22,10,61
10113,8,2024,309,1,130.3,183.58,1,1,1,3,1,2
10087,8,2026,809,12,76.79,90.07,0,0,1,1,1,9
10011,2,2026,866,46,93.83,119.61,0,3,0,3,1,54
10167,10,2025,804,53,99.77,123.2,0,2,2,4,2,67
10155,12,2026,426,39,98.39,137.72,0,0,0,0,0,25
10042,5,2026,626,15,83.27,113.31,0,1,2,3,2,20
10016,3,2026,101,274,104.86,139.98,22,46,4,72,53,269
10095,12,2026,270,10,56.47,72.21,2,2,3,7,4,13
10003,12,2025,290,108,77.59,102.69,1,3,0,4,2,159
10124,12,2024,177,7,78.53,93.35,0,0,0,0,0,5
10168,6,2024,102,144,128.19,177.4,12,75,2,89,65,75
10082,9,2024,860,53,68.82,95.96,1,0,3,4,2,58
10118,7,2025,692,20,80.8,93.31,1,0,1,2,2,21
10057,7,2025,274,31,86.18,122.94,2,0,0,2,1,28
10003,9,2027,290,140,67.91,101.17,1,0,16,17,12,105
10156,10,2024,175,7,113.17,148.27,2,4,0,6,4,5
10020,1,2026,119,82,83.35,124.76,0,0,0,0,0,83
10123,5,2025,194,10,88.01,92.54,1,3,2,6,4,2
10004,8,2026,564,37,99.81,115.59,1,0,3,4,2,25
10155,12,2025,426,51,114.08,135.83,1,0,1,2,2,83
10071,8,2025,540,27,85.9,104.98,0,2,1,3,2,13
10000,12,2025,605,29,87.92,125.63,2,0,0,2,1,36
10040,4,2025,729,5,115.77,134.81,1,2,0,3,3,13
10056,1,2026,414,80,101.55,141.4,5,9,1,15,13,99
10047,5,2024,278,2,79.87,107.57,0,0,2,2,1,4
10124,10,2027,177,5,56.23,84.77,3,0,1,4,3,1
10138,3,2025,592,26,90.28,99.78,0,4,0,4,3,10
10129,9,2026,339,5,112.3,141.36,0,0,1,1,0,8
10022,5,2024,626,12,95.22,136.58,0,2,2,4,3,12
10012,10,2025,423,9,90.28,104.17,1,2,0,3,1,13
10039,8,2025,691,71,94.29,101.61,0,1,0,1,1,61
10158,9,2027,277,8,65.47,81.51,0,1,0,1,1,7
10057,9,2026,274,32,87.44,123.47,2,2,0,4,3,27
10066,1,2025,132,84,87.0,127.84,4,0,0,4,3,83
10111,3,2024,146,6,89.46,119.3,0,3,0,3,2,7
10100,7,2025,850,9,118.59,138.36,2,1,0,3,2,10
10140,5,2025,672,89,114.21,123.14,4,21,1,26,14,95
10126,2,2025,565,2,85.81,99.23,0,0,0,0,0,4
10140,9,2027,672,109,72.68,87.71,0,0,6,6,5,92
10154,6,2024,199,106,76.64,85.83,1,1,1,3,2,69
10097,4,2026,544,4,74.52,103.13,1,2,0,3,2,4
10045,11,2027,725,12,93.3,134.34,0,4,0,4,3,9
10023,12,2024,159,43,82.38,94.69,0,0,0,0,0,61
10059,8,2024,918,21,60.76,77.22,0,5,3,8,7,37
10149,8,2026,722,25,66.89,102.97,1,0,6,7,5,27
10125,8,2026,862,18,84.81,111.32,2,0,1,3,2,24
10145,1,2027,863,7,80.32,98.66,0,1,0,1,1,5
10105,1,2026,301,16,87.4,118.87,0,0,2,2,2,11
10169,1,2028,425,10,85.52,91.31,0,0,0,0,0,12
10137,2,2026,630,168,98.17,123.69,4,6,1,11,9,51
10068,8,2026,851,98,94.92,129.41,5,1,4,10,8,130
10021,1,2025,164,290,96.78,130.89,1,3,0,4,2,265
10147,4,2027,471,12,65.66,106.91,0,0,4,4,2,10
10026,8,2024,115,6,102.32,135.31,1,0,1,2,1,6
10121,8,2024,305,275,84.94,111.71,2,1,1,4,2,289
10164,7,2025,498,44,65.77,78.22,1,0,5,6,4,27
10126,8,2024,565,4,79.13,103.38,0,0,1,1,1,1
10147,1,2025,471,28,80.25,106.06,0,2,0,2,1,25
10129,2,2025,339,8,98.21,148.08,2,0,1,3,2,16
10132,3,2026,662,67,94.36,132.82,2,0,1,3,3,87
10133,4,2024,566,48,93.63,111.68,0,4,0,4,3,18
10039,7,2026,691,77,82.21,104.49,0,2,0,2,1,23
10139,10,2024,498,51,83.17,121.45,1,1,1,3,3,55
10099,7,2027,532,5,114.74,146.16,2,0,0,2,1,1
10159,11,2024,165,133,82.58,112.03,0,6,0,6,3,176
10072,1,2026,859,91,124.17,147.9,11,17,1,29,15,149
10163,11,2024,782,6,101.87,146.67,0,1,1,2,2,6
10058,8,2026,304,172,98.05,139.7,10,1,0,11,7,119
10134,11,2025,124,2,115.03,159.57,0,0,0,0,0,1
10091,11,2024,140,22,84.91,105.91,0,0,0,0,0,22
10036,11,2025,355,7,115.86,141.27,2,1,1,4,3,7
10126,1,2026,565,5,77.0,84.32,1,3,2,6,5,7
10027,3,2025,268,8,63.41,68.19,2,2,2,6,4,12
10019,11,2024,488,16,96.19,110.16,0,0,2,2,1,13
10014,5,2025,128,15,76.25,112.15,0,1,0,1,1,4
10078,4,2026,555,51,125.76,148.88,2,13,0,15,9,50
10053,6,2024,224,18,57.55,90.51,0,0,1,1,1,19
10071,10,2024,540,21,114.17,137.42,3,2,0,5,3,24
10088,7,2026,535,2,103.89,146.22,1,0,0,1,1,1
10110,11,2024,675,16,131.24,145.3,0,6,0,6,5,7
10139,2,2026,498,104,83.56,108.81,0,0,1,1,1,94
10130,4,2027,655,9,87.27,120.8,1,6,0,7,5,10
10043,4,2025,187,12,95.29,105.32,0,3,0,3,2,11
10146,2,2026,105,9,88.18,114.57,1,0,0,1,1,18
10090,8,2026,422,15,112.41,136.32,0,3,0,3,3,14
10067,8,2025,683,63,121.88,140.2,5,17,3,25,11,46
10123,6,2026,194,9,96.14,104.89,0,0,0,0,0,6
10115,9,2027,399,36,100.05,120.88,6,3,0,9,7,52
10130,7,2025,655,13,95.8,119.82,0,0,0,0,0,13
10103,1,2028,561,1,69.62,99.21,1,1,0,2,1,7
10006,6,2024,455,39,105.74,142.54,0,13,3,16,8,24
10136,5,2024,854,78,83.67,102.98,1,1,0,2,2,49
10006,6,2025,455,47,74.47,113.95,3,0,0,3,2,48
10150,6,2025,534,50,134.63,189.18,7,20,0,27,14,64
10023,11,2025,159,46,84.78,101.53,0,0,0,0,0,36
10151,10,2024,99,104,94.31,114.39,0,0,2,2,2,189
10076,3,2026,327,39,50.33,79.9,0,1,12,13,11,23
10108,8,2024,647,8,92.12,117.61,0,0,0,0,0,11
10084,12,2024,607,11,86.01,102.09,1,2,1,4,2,17
10109,8,2024,200,12,73.61,96.17,1,0,0,1,1,14
10015,8,2025,454,22,75.4,84.47,0,1,0,1,0,23
10025,7,2024,621,27,80.92,106.87,0,0,2,2,2,22
10036,9,2025,355,8,93.91,111.36,1,0,0,1,1,11
10049,11,2024,145,380,90.85,95.56,0,1,1,2,1,195
10112,11,2025,434,14,99.32,129.62,3,0,1,4,2,14
10060,7,2025,192,22,73.13,101.34,2,0,0,2,2,21
10155,6,2025,426,51,97.64,139.99,5,1,1,7,6,37
10152,7,2025,639,6,97.04,136.94,1,0,0,1,0,2
10126,10,2025,565,3,90.16,98.61,0,0,0,0,0,2
10099,2,2028,532,3,115.6,147.93,0,0,0,0,0,4
10151,3,2026,99,113,72.6,109.16,13,0,8,21,11,93
10090,9,2024,422,8,80.7,106.06,0,0,1,1,0,6
10081,12,2025,768,4,70.88,110.64,0,0,1,1,0,7
10046,2,2026,221,22,56.53,86.44,1,2,6,9,5,20
10065,9,2026,518,208,108.48,151.67,23,23,1,47,23,238
10054,10,2026,871,134,71.56,93.52,1,0,6,7,3,45
10015,9,2025,454,20,97.77,136.5,1,0,2,3,2,20
10015,11,2024,454,21,77.25,113.64,0,0,0,0,0,17
10124,5,2025,177,11,91.82,113.08,2,5,0,7,6,13
10105,8,2025,301,13,79.1,121.31,1,0,2,3,2,14
10008,8,2024,140,33,86.34,117.04,1,0,0,1,1,32
10131,12,2024,446,7,101.24,137.1,0,0,0,0,0,8
10038,1,2025,221,10,96.57,133.82,0,0,0,0,0,8
10053,8,2025,224,19,98.88,114.83,3,1,0,4,2,20
10008,9,2024,140,26,83.25,109.22,1,1,3,5,2,47
10117,12,2025,484,15,91.68,108.12,1,0,1,2,2,13
10089,8,2025,840,10,64.48,73.36,2,0,2,4,3,9
10008,2,2026,140,27,77.51,105.7,0,0,0,0,0,35
10079,4,2026,706,13,71.87,89.05,0,3,4,7,5,18
10114,12,2024,649,10,98.43,124.38,0,3,1,4,3,11
10058,1,2025,304,200,81.24,89.06,0,0,1,1,0,144
10044,3,2027,187,17,71.72,84.55,0,0,0,0,0,17
10155,4,2026,426,60,79.9,113.52,6,2,0,8,7,59
10050,9,2024,750,153,113.99,143.12,2,18,1,21,18,200
10115,12,2026,399,46,125.65,146.37,2,9,0,11,8,61
10046,9,2025,221,23,66.38,76.44,0,0,1,1,1,27
10160,7,2026,592,49,109.24,131.41,1,7,6,14,13,58
10089,7,2025,840,9,102.0,138.2,0,0,4,4,3,7
10085,9,2024,297,4,126.88,158.39,2,2,2,6,4,4
10000,10,2024,605,15,57.47,66.1,0,0,5,5,3,14
10094,5,2024,257,10,62.64,92.36,0,3,0,3,2,11
10009,9,2027,655,82,98.02,123.87,3,7,0,10,9,97
10145,9,2024,863,9,80.09,121.32,1,0,2,3,1,9
10059,3,2026,918,38,104.89,138.81,2,6,0,8,4,27
10122,12,2024,593,4,90.26,104.81,0,4,0,4,2,7
10057,10,2024,274,27,93.13,120.07,0,4,0,4,2,27
10054,8,2024,871,119,74.46,97.23,2,1,3,6,5,148
10044,8,2025,187,14,99.59,127.08,0,0,2,2,1,28
10072,11,2026,859,82,104.5,143.18,5,8,3,16,8,53
10042,8,2025,626,12,84.32,97.49,0,3,0,3,3,9
10158,7,2026,277,12,81.91,109.09,1,3,0,4,2,14
10009,4,2025,655,153,83.13,98.16,2,0,3,5,4,227
10029,9,2024,904,16,82.45,110.14,0,1,2,3,3,20
10039,4,2026,691,64,86.84,98.96,0,0,0,0,0,69
10102,4,2025,654,7,95.91,133.02,0,0,2,2,1,6
10139,11,2026,498,81,89.26,107.37,0,0,0,0,0,72
10084,4,2026,607,13,89.81,120.11,1,0,1,2,2,11
10120,3,2025,378,12,109.16,138.72,0,1,1,2,1,14
10096,10,2024,592,6,86.83,100.08,0,0,0,0,0,5
10115,11,2026,399,45,117.08,136.09,4,12,0,16,10,43
10154,3,2026,199,145,68.98,109.85,2,0,9,11,8,90
10060,8,2026,192,8,81.66,104.82,0,0,0,0,0,10
10058,6,2026,304,225,76.11,115.88,2,4,0,6,4,294
10096,6,2025,592,6,103.2,127.49,0,2,0,2,1,2
10034,3,2026,383,28,103.8,107.87,0,3,0,3,2,19
10056,8,2025,414,76,77.29,106.21,1,0,1,2,1,87
10011,5,2025,866,52,75.37,110.9,2,0,2,4,2,78
10057,5,2024,274,24,120.83,169.67,1,5,0,6,3,22
10141,4,2026,910,20,104.26,146.53,0,3,1,4,3,19
10141,10,2027,910,18,88.34,118.73,1,0,0,1,1,17
10109,10,2024,200,10,74.85,96.19,3,0,0,3,2,14
10093,4,2025,510,12,84.02,116.22,0,0,2,2,2,14
10133,7,2024,566,58,104.47,136.12,2,6,1,9,6,73
10074,4,2024,717,27,81.93,118.09,0,5,1,6,3,26
10063,3,2027,605,7,86.24,124.13,0,2,0,2,1,4
10048,9,2024,655,60,102.82,141.37,0,5,1,6,3,65
10132,12,2024,662,21,99.87,127.61,5,3,0,8,7,15
10006,2,2025,455,47,82.35,107.8,2,0,0,2,1,49
10137,8,2025,630,143,101.77,145.54,10,15,0,25,19,113
10151,5,2026,99,103,98.08,112.2,0,0,0,0,0,57
10117,8,2024,484,13,79.7,84.66,3,1,2,6,5,13
10067,2,2026,683,49,101.51,138.2,0,4,1,5,3,49
10107,12,2024,885,9,79.47,94.33,0,0,0,0,0,9
10133,8,2024,566,67,119.4,162.48,9,15,1,25,15,57
10157,7,2026,786,3,97.62,116.39,0,0,1,1,1,1
10130,5,2025,655,12,88.42,116.74,0,3,1,4,3,8
10053,5,2025,224,18,79.63,89.16,0,0,0,0,0,18
10088,2,2025,535,3,74.54,97.83,0,1,3,4,3,4
10139,4,2027,498,73,83.8,101.59,1,0,1,2,1,76
10046,3,2026,221,20,67.38,74.85,0,1,3,4,2,26
10159,5,2025,165,123,83.98,93.67,0,2,0,2,1,145
10010,8,2025,809,8,98.51,135.76,1,0,0,1,1,7
10063,8,2025,605,7,68.91,107.35,1,0,0,1,1,4
10165,8,2025,864,40,94.49,130.07,0,5,1,6,3,66
10072,6,2025,859,82,110.79,129.52,0,12,3,15,9,77
10000,3,2025,605,16,106.72,119.87,0,3,1,4,2,22
10027,5,2026,268,7,78.96,117.77,0,1,0,1,1,9
10020,9,2024,119,48,84.7,101.54,0,1,0,1,1,59
10100,11,2024,850,14,98.29,108.38,0,0,0,0,0,9
10155,3,2025,426,72,94.22,114.17,0,2,0,2,1,56
10001,9,2024,682,8,74.19,101.96,1,2,0,3,2,7
10167,4,2025,804,60,78.77,111.61,2,1,0,3,2,105
10031,12,2025,881,189,79.48,109.36,3,0,0,3,2,232
10040,12,2025,729,5,98.9,153.71,1,2,0,3,2,2
10071,5,2024,540,18,73.86,101.73,0,0,0,0,0,22
10101,1,2026,469,17,88.32,100.5,1,1,0,2,1,7
10065,4,2028,518,191,95.44,114.37,2,0,3,5,4,231
10022,9,2025,626,12,116.63,146.94,1,2,1,4,2,11
10052,6,2024,319,4,104.15,125.45,0,0,0,0,0,3
10168,5,2027,102,166,93.23,97.84,2,0,0,2,1,145
10061,7,2025,854,151,85.7,99.2,0,0,0,0,0,118
10149,8,2025,722,35,91.25,98.71,0,0,2,2,2,38
10017,6,2026,559,142,76.56,84.33,0,0,2,2,2,156
10167,3,2026,804,43,95.26,123.6,0,0,0,0,0,48
10001,8,2025,682,5,119.86,140.74,0,2,0,2,2,3
10019,10,2026,488,21,113.43,145.63,2,2,0,4,3,27
10035,6,2024,335,7,97.84,139.5,1,0,0,1,0,4
10001,3,2026,682,6,111.56,121.21,0,3,0,3,1,5
10048,4,2024,655,53,73.33,89.12,0,3,4,7,6,57
10044,10,2025,187,15,90.09,118.42,0,0,0,0,0,18
10082,10,2025,860,107,111.19,132.12,5,23,0,28,25,185
10121,12,2024,305,380,109.21,134.72,5,70,0,75,42,371
10149,2,2026,722,34,95.74,129.43,2,0,0,2,1,43
10164,10,2026,498,55,101.84,128.99,2,6,0,8,4,43
10063,10,2024,605,4,68.48,103.75,0,2,0,2,1,1
10085,1,2026,297,7,70.17,96.12,0,2,0,2,1,2
10141,9,2026,910,27,93.83,122.7,1,0,0,1,1,17
10056,5,2025,414,65,74.52,117.94,2,0,3,5,3,120
10152,2,2027,639,5,99.84,140.79,3,0,1,4,2,5
10156,4,2024,175,10,91.53,122.56,1,0,0,1,1,4
10031,3,2025,881,94,81.88,99.28,0,0,1,1,1,85
10039,12,2024,691,34,112.58,158.47,4,10,0,14,9,47
10130,2,2026,655,11,106.91,123.56,0,1,0,1,1,8
10109,5,2026,200,11,64.57,80.68,2,0,4,6,3,11
10054,8,2026,871,137,84.14,107.07,0,0,1,1,1,143
10149,9,2025,722,40,105.78,132.33,4,10,1,15,8,28
10081,3,2024,768,1,158.0,190.0,0,0,0,0,0,9
10127,10,2026,510,13,85.14,108.73,0,1,1,2,1,14
10018,12,2025,175,171,88.28,108.37,1,0,2,3,3,209
10028,6,2024,164,2,111.07,157.81,0,0,1,1,0,3
10118,11,2025,692,26,88.46,102.3,0,0,1,1,1,21
10005,9,2025,184,19,81.76,100.48,1,0,0,1,1,21
10092,1,2025,321,25,106.54,135.52,1,3,0,4,4,30
10133,7,2025,566,127,73.32,77.46,1,0,4,5,4,96
10116,5,2026,631,14,79.75,85.22,0,3,1,4,4,12
10125,7,2024,862,14,93.32,130.9,1,0,3,4,3,11
10034,12,2024,383,15,85.28,118.9,0,1,0,1,1,17
10137,7,2024,630,156,100.36,132.13,8,11,0,19,15,178
10097,12,2024,544,4,91.03,118.07,0,1,0,1,0,3
10046,11,2025,221,21,98.47,105.71,0,2,3,5,4,17
10045,7,2026,725,28,93.72,107.01,0,0,0,0,0,13
10116,2,2026,631,12,101.26,141.14,0,0,0,0,0,16
10006,5,2024,455,35,85.17,113.24,2,0,0,2,2,42
10000,5,2025,605,20,106.47,138.13,1,1,0,2,1,22
10143,5,2024,727,22,109.0,127.78,1,0,0,1,1,29
10020,12,2025,119,86,87.63,124.97,2,0,0,2,1,59
10120,3,2026,378,10,95.63,121.42,0,5,2,7,5,11
10128,4,2024,746,217,87.32,100.5,0,0,0,0,0,154
10098,9,2026,238,152,89.8,114.74,1,0,0,1,1,111
10125,3,2027,862,14,69.04,86.63,1,2,4,7,5,14
10139,5,2024,498,42,57.52,64.99,1,0,1,2,1,51
10004,11,2025,564,25,98.43,134.86,1,6,0,7,4,17
10123,4,2026,194,7,77.07,103.16,2,1,2,5,2,12
10138,7,2026,592,15,99.39,106.63,1,0,1,2,1,16
10093,3,2026,510,12,99.66,104.12,0,2,0,2,1,14
10030,12,2025,243,39,96.85,123.31,0,0,2,2,2,43
10122,11,2025,593,11,92.15,108.44,0,0,0,0,0,11
10095,2,2028,270,7,66.59,103.4,1,0,0,1,1,7
10156,5,2026,175,6,105.82,150.23,1,1,0,2,1,4
10065,4,2025,518,241,112.87,163.19,34,40,0,74,51,380
10094,5,2026,257,11,108.42,130.15,3,0,1,4,3,11
10028,5,2024,164,3,83.84,102.96,0,0,0,0,0,4
10006,9,2024,455,38,107.03,140.74,6,3,2,11,10,35
10018,4,2025,175,201,111.73,140.28,16,56,0,72,39,304
10164,3,2026,498,48,92.97,101.94,0,4,1,5,3,37
10055,7,2025,145,19,65.27,98.01,0,0,0,0,0,19
10107,4,2024,885,10,79.0,89.61,0,2,0,2,2,11
10095,1,2026,270,15,80.78,112.47,0,1,2,3,2,20
10164,12,2025,498,49,64.73,74.41,0,2,6,8,4,41
10052,6,2025,319,10,98.93,108.53,0,0,0,0,0,14
10083,5,2024,131,63,61.11,84.08,1,3,11,15,10,75
10042,12,2027,626,12,81.65,103.28,0,3,0,3,2,8
10010,9,2024,809,10,90.91,100.77,1,0,1,2,1,4
10158,12,2025,277,16,95.05,128.6,0,1,0,1,1,8
10086,12,2024,139,10,125.86,176.88,2,5,1,8,5,11
10053,8,2024,224,13,68.21,90.45,0,0,0,0,0,7
10169,4,2025,425,26,82.34,97.77,1,0,0,1,0,25
10038,7,2025,221,11,106.21,119.4,0,5,0,5,3,10
10020,10,2025,119,89,85.8,120.04,1,6,0,7,4,102
10113,9,2025,309,4,97.42,113.94,0,2,0,2,1,4
10143,2,2026,727,31,76.7,112.35,0,3,0,3,1,20
10015,10,2027,454,21,90.35,112.68,0,2,0,2,2,23
10138,12,2025,592,25,80.89,111.93,0,0,2,2,2,29
10051,8,2026,536,53,72.19,107.85,0,0,3,3,2,51
10077,12,2024,219,260,67.77,108.05,0,0,31,31,27,318
10134,8,2024,124,1,82.74,128.71,0,1,0,1,0,3
10031,2,2025,881,93,99.35,125.8,2,6,2,10,7,25
10077,1,2027,219,321,70.69,93.94,0,0,12,12,6,300
10129,12,2025,339,9,102.62,142.01,2,4,0,6,4,7
10047,6,2024,278,1,122.5,177.63,1,0,1,2,1,1
10095,9,2026,270,13,93.33,131.49,1,1,0,2,1,15
10041,3,2025,327,9,116.81,151.63,0,6,0,6,4,8
10107,10,2026,885,29,68.78,76.31,0,0,0,0,0,31
10136,12,2025,854,75,83.34,112.08,0,1,0,1,1,61
10047,10,2024,278,2,111.47,158.14,0,1,0,1,1,2
10064,2,2025,340,7,112.67,155.92,0,0,0,0,0,7
10031,11,2025,881,174,78.61,90.96,4,0,0,4,3,187
10035,3,2025,335,10,117.55,150.72,1,4,0,5,3,16
10102,8,2025,654,4,99.13,143.23,2,0,0,2,2,1
10004,12,2026,564,29,97.34,122.05,1,1,0,2,1,34
10028,10,2025,164,6,98.37,142.13,0,3,2,5,4,3
10067,5,2025,683,78,100.33,141.9,5,3,1,9,6,90
10036,12,2025,355,6,90.82,108.4,0,2,0,2,1,7
10052,12,2025,319,10,79.91,109.85,2,0,0,2,1,9
10061,1,2026,854,138,107.5,149.46,2,11,0,13,12,156
10024,2,2025,549,230,105.24,120.09,0,16,1,17,11,272
10130,7,2026,655,12,68.68,79.16,2,0,0,2,2,11
10058,9,2025,304,164,94.17,132.39,1,4,3,8,5,163
10107,6,2024,885,9,94.09,102.17,1,4,0,5,3,9
10065,8,2025,518,215,84.92,128.51,11,0,0,11,7,167
10000,2,2026,605,33,74.54,83.91,1,0,4,5,4,47
10086,8,2024,139,8,102.9,131.5,0,0,3,3,2,10
10145,4,2025,863,8,106.2,136.31,2,3,3,8,4,14
10029,5,2027,904,31,66.77,73.58,1,0,4,5,4,18
10040,9,2025,729,7,89.21,131.77,2,0,2,4,3,6
10033,1,2025,95,10,102.69,147.38,1,1,3,5,3,7
10067,3,2025,683,62,95.46,139.94,0,5,0,5,2,107
10124,7,2024,177,8,82.63,99.8,0,0,0,0,0,7
10129,4,2026,339,3,158.0,190.0,0,3,0,3,2,5
10018,3,2025,175,239,93.64,112.79,2,3,0,5,4,71
10159,8,2025,165,130,95.64,100.52,0,0,0,0,0,109
10083,6,2024,131,55,55.37,84.8,0,1,10,11,6,64
10099,3,2027,532,5,125.77,159.27,0,0,1,1,1,5
10031,9,2026,881,100,89.42,114.03,3,0,0,3,2,94
10119,3,2025,887,9,108.87,153.43,2,2,0,4,2,7
10045,8,2027,725,11,96.99,108.46,0,2,0,2,1,8
10145,7,2025,863,11,101.79,135.95,0,0,5,5,3,15
10029,2,2027,904,29,69.97,93.97,2,1,2,5,3,46
10090,2,2027,422,15,95.34,116.5,0,0,0,0,0,29
10017,11,2025,559,185,121.9,153.52,4,57,0,61,36,163
10157,12,2024,786,2,56.8,80.02,0,2,0,2,2,7
10004,2,2025,564,15,93.29,107.78,0,0,0,0,0,3
10157,8,2027,786,2,99.07,111.35,0,0,0,0,0,2
10027,6,2024,268,6,100.95,129.84,0,0,0,0,0,11
10030,12,2024,243,27,74.28,93.22,0,0,0,0,0,18
10163,10,2026,782,10,53.58,83.09,3,0,0,3,2,9
10130,3,2026,655,10,90.47,118.55,3,3,1,7,6,9
10019,6,2027,488,22,84.15,106.3,0,0,0,0,0,9
10113,6,2024,309,3,92.43,125.65,0,0,1,1,1,1
10045,2,2025,725,25,101.79,112.93,0,0,1,1,0,30
10087,11,2026,809,12,102.39,134.38,1,1,0,2,1,8
10150,1,2025,534,36,113.2,147.14,0,7,4,11,5,36
10153,3,2025,93,14,107.21,125.8,0,0,3,3,1,8
10051,2,2027,536,47,106.34,112.67,0,1,0,1,1,42
10103,9,2027,561,1,94.17,106.2,0,0,1,1,1,1
10075,8,2024,735,5,87.26,125.29,3,2,1,6,4,8
10063,8,2026,605,10,75.03,84.97,0,0,0,0,0,7
10014,7,2025,128,15,83.45,101.56,0,0,0,0,0,16
10002,10,2025,847,6,76.36,86.8,0,0,0,0,0,8
10078,7,2027,555,40,108.0,132.9,2,4,1,7,4,47
10058,1,2027,304,128,87.87,118.9,2,0,0,2,1,72
10016,4,2026,101,337,91.02,115.37,6,3,0,9,7,231
10044,2,2027,187,12,79.85,117.56,2,0,0,2,1,20
10044,6,2026,187,18,95.46,133.53,2,0,0,2,1,17
10091,6,2024,140,17,96.26,120.32,2,1,0,3,2,11
10026,12,2025,115,6,84.49,90.83,2,0,3,5,3,7
10011,12,2024,866,34,91.04,134.01,2,2,0,4,4,37
10159,6,2026,165,113,87.11,91.32,0,3,2,5,4,93
10166,2,2024,134,5,66.88,96.26,0,0,0,0,0,5
10131,11,2024,446,6,105.84,114.1,0,0,0,0,0,3
10100,5,2025,850,12,118.14,144.08,1,2,1,4,3,12
10114,2,2025,649,10,113.05,160.53,2,3,0,5,3,8
10111,6,2024,146,7,108.33,143.47,2,6,0,8,7,5
10007,2,2026,303,73,85.06,122.23,1,1,0,2,1,59
10125,12,2024,862,19,109.49,135.22,1,4,3,8,5,24
10023,8,2024,159,32,102.66,118.37,2,3,0,5,4,45
10066,10,2025,132,99,65.89,103.83,1,0,10,11,5,91
10048,8,2027,655,74,70.98,79.13,0,4,1,5,4,74
10147,7,2025,471,19,106.94,142.07,2,5,0,7,6,24
10084,7,2026,607,12,68.52,85.89,0,1,0,1,0,13
10103,11,2024,561,1,96.02,145.63,0,1,0,1,1,2
10002,6,2026,847,6,96.8,122.54,1,0,0,1,1,5
10053,12,2024,224,19,72.92,77.17,2,0,0,2,1,17
10080,11,2025,639,344,87.91,110.25,11,0,0,11,9,140
10114,4,2026,649,9,71.85,83.28,0,2,1,3,3,7
10059,1,2026,918,32,92.86,106.17,0,0,0,0,0,31
10029,4,2027,904,33,70.84,90.83,0,0,0,0,0,36
10074,5,2027,717,15,90.77,116.16,0,1,0,1,1,16
10115,11,2024,399,34,112.82,134.75,3,3,0,6,4,16
10168,9,2026,102,224,91.14,100.65,1,1,2,4,3,223
10147,7,2024,471,17,66.56,96.29,0,1,4,5,2,27
10061,7,2026,854,105,98.27,122.63,1,1,0,2,1,82
10054,11,2024,871,145,105.92,126.56,3,9,0,12,10,127
10152,1,2026,639,7,114.89,132.25,2,2,2,6,5,2
10107,10,2025,885,18,109.98,119.12,1,7,0,8,6,20
10112,8,2025,434,15,89.94,119.71,2,0,2,4,4,22
10115,2,2027,399,45,113.61,142.58,5,8,0,13,10,43
10060,5,2026,192,14,85.64,125.89,1,2,0,3,2,17
10087,6,2026,809,12,95.63,126.5,0,4,0,4,3,4
10077,6,2026,219,380,100.06,121.58,4,19,0,23,19,288
10037,6,2025,273,7,86.05,100.58,0,0,4,4,2,7
10072,8,2026,859,80,81.07,104.55,1,0,1,2,1,67
10160,2,2027,592,31,102.03,152.95,2,2,0,4,2,48
10003,4,2027,290,161,89.55,113.58,0,1,0,1,1,119
10086,7,2025,139,13,88.62,121.93,2,0,1,3,2,16
10063,1,2026,605,9,84.84,98.66,1,0,3,4,4,5
10105,5,2026,301,11,97.71,134.55,2,0,2,4,3,12
10082,3,2027,860,86,72.52,109.77,0,2,2,4,3,100
10010,10,2024,809,7,96.63,124.62,3,0,0,3,1,7
10086,1,2028,139,7,90.83,137.48,0,0,2,2,1,10
10066,8,2024,132,67,108.02,134.89,1,6,1,8,5,116
10150,8,2026,534,24,81.71,94.98,0,2,0,2,1,34
10061,4,2026,854,115,45.55,58.6,0,0,66,66,54,152
10066,12,2025,132,80,87.88,118.56,0,6,0,6,4,61
10024,4,2025,549,276,95.35,108.63,2,1,4,7,4,228
10008,6,2025,140,47,90.87,122.84,3,4,2,9,7,46
10041,5,2025,327,9,101.55,127.91,0,3,0,3,1,13
10093,8,2026,510,14,102.5,127.74,1,0,1,2,1,16
10017,2,2026,559,152,93.41,137.74,6,1,1,8,6,196
10149,12,2025,722,40,100.78,116.38,0,2,2,4,3,36
10166,7,2026,134,3,74.61,108.27,0,0,0,0,0,1
10078,2,2027,555,40,94.15,137.28,3,0,1,4,2,50
10050,3,2024,750,159,70.65,78.16,0,0,13,13,7,123
10047,12,2025,278,6,72.85,88.16,0,0,0,0,0,7
10150,2,2026,534,44,92.09,128.54,0,0,2,2,1,48
10116,6,2025,631,16,89.11,124.53,0,1,1,2,1,11
10062,9,2025,286,3,67.39,77.12,0,0,3,3,2,2
10119,5,2024,887,10,64.93,75.62,1,3,3,7,4,9
10050,10,2025,750,171,132.87,166.17,19,89,0,108,48,219
10090,5,2027,422,13,87.23,107.17,0,3,1,4,3,12
10015,2,2025,454,20,69.9,91.84,1,3,2,6,3,17
10053,11,2025,224,21,84.82,93.08,2,3,0,5,3,14
10110,5,2025,675,12,133.86,166.19,1,9,2,12,7,12
10028,4,2026,164,3,87.39,97.19,0,0,1,1,1,3
10168,7,2026,102,303,92.63,105.92,3,0,0,3,2,225
10044,3,2026,187,17,107.72,153.27,2,2,1,5,3,22
10122,11,2026,593,8,87.85,126.81,0,2,0,2,2,17
10087,8,2024,809,4,85.19,110.83,1,2,0,3,1,3
10109,11,2025,200,21,87.31,114.35,2,0,1,3,2,13
10014,11,2024,128,9,92.02,107.56,0,0,1,1,1,9
10033,3,2026,95,9,80.73,110.45,0,0,3,3,1,7
10023,10,2024,159,43,95.52,102.6,2,0,7,9,6,20
10037,4,2025,273,7,85.16,98.33,0,0,2,2,1,11
10136,6,2025,854,129,98.1,132.21,6,5,0,11,5,153
10137,9,2025,630,130,128.07,172.82,8,31,2,41,37,170
10124,10,2026,177,7,87.9,124.56,0,0,1,1,1,6
10059,6,2025,918,28,94.78,108.84,0,0,1,1,1,22
10151,5,2024,99,123,90.73,104.38,0,0,0,0,0,164
10043,11,2025,187,10,74.02,78.04,0,3,2,5,3,6
10138,5,2025,592,25,107.57,131.3,0,5,0,5,4,23
10052,9,2025,319,11,107.28,133.05,2,1,0,3,2,7
10003,10,2025,290,97,73.46,98.52,0,2,0,2,1,129
10042,4,2026,626,15,96.52,107.28,0,0,0,0,0,11
10041,9,2024,327,8,107.36,140.25,0,0,0,0,0,14
10058,7,2025,304,201,102.0,109.86,2,26,1,29,22,116
10046,1,2025,221,18,109.89,131.78,0,1,0,1,1,15
10097,10,2025,544,5,113.58,132.53,2,2,0,4,2,8
10106,3,2026,697,7,90.99,117.42,0,0,1,1,1,5
10086,9,2027,139,10,78.7,87.9,0,0,0,0,0,8
10021,12,2025,164,326,82.34,96.55,0,0,2,2,1,380
10078,2,2025,555,36,92.34,117.11,3,0,0,3,2,24
10094,2,2027,257,6,97.24,135.76,0,0,1,1,1,6
10046,7,2025,221,23,90.11,131.27,2,2,0,4,2,22
10105,12,2026,301,8,96.49,125.39,0,0,0,0,0,10
10079,6,2024,706,6,57.08,84.58,1,6,4,11,6,3
10128,9,2024,746,356,84.86,107.78,0,0,0,0,0,110
10029,5,2025,904,31,57.91,81.89,0,0,11,11,7,35
10169,10,2025,425,24,84.72,108.6,1,0,0,1,1,28
10159,12,2025,165,110,69.09,96.77,1,0,13,14,6,99
10018,5,2025,175,226,83.52,96.4,0,1,1,2,1,191
10081,4,2026,768,2,109.55,145.92,0,1,0,1,1,3
10121,1,2025,305,380,101.05,139.72,24,11,3,38,31,380
10112,1,2025,434,15,97.75,142.1,0,2,0,2,1,10
10093,7,2026,510,12,96.41,115.47,0,4,0,4,4,20
10022,11,2026,626,15,115.73,132.93,0,2,0,2,1,11
10094,1,2024,257,11,93.86,131.87,0,2,0,2,2,13
10134,9,2026,124,1,103.45,147.75,0,1,1,2,1,1
10024,7,2025,549,323,85.45,96.07,0,1,0,1,1,329
10001,7,2026,682,6,86.63,125.25,0,0,2,2,1,7
10152,1,2027,639,6,108.07,125.47,0,1,1,2,1,6
10009,1,2027,655,121,54.36,77.36,1,0,24,25,19,96
10063,12,2025,605,7,67.08,104.32,0,0,0,0,0,8
10094,1,2025,257,14,86.47,104.4,1,0,0,1,0,11
10063,4,2025,605,4,109.59,122.58,0,0,0,0,0,7
10057,8,2024,274,24,70.69,96.03,0,0,8,8,7,36
10024,12,2024,549,170,78.97,116.94,2,0,0,2,2,143
10117,5,2027,484,16,108.96,134.41,1,2,0,3,1,10
10002,7,2025,847,5,90.3,108.18,2,1,3,6,4,4
10052,8,2025,319,9,91.97,106.68,3,0,0,3,2,11
10018,8,2024,175,154,84.43,102.19,0,0,3,3,2,153
10055,5,2025,145,23,82.86,103.02,0,2,0,2,2,15
10112,9,2025,434,17,110.91,134.06,2,0,2,4,3,13
10163,4,2027,782,5,91.51,100.42,1,3,0,4,4,8
10165,9,2024,864,50,79.92,113.1,0,0,0,0,0,45
10064,10,2024,340,6,64.27,71.96,1,2,2,5,4,6
10042,11,2025,626,13,85.59,121.1,0,0,0,0,0,8
10079,5,2024,706,7,89.97,107.34,1,7,1,9,6,4
10009,11,2027,655,94,68.24,97.28,0,0,6,6,3,83
10084,7,2024,607,9,43.54,65.15,0,0,7,7,3,6
10066,1,2026,132,77,87.72,126.88,10,2,0,12,8,74
10100,2,2026,850,8,80.83,109.15,1,0,0,1,1,8
10027,11,2024,268,5,96.65,110.28,0,1,0,1,0,7
10093,6,2024,510,11,77.06,83.99,0,0,1,1,1,6
10149,2,2024,722,55,83.81,103.19,1,0,0,1,1,37
10085,6,2026,297,4,109.61,162.96,4,0,1,5,3,6
10086,11,2026,139,13,119.0,144.73,0,7,0,7,5,21
10049,12,2024,145,334,56.2,80.11,0,3,40,43,32,261
10069,7,2025,570,89,89.05,112.55,2,0,0,2,1,86
10135,1,2025,245,2,120.18,163.74,0,0,0,0,0,3
10045,9,2025,725,34,82.04,110.79,0,0,0,0,0,31
10063,9,2025,605,8,89.28,112.91,0,0,3,3,1,7
10149,12,2026,722,20,62.43,86.44,0,1,5,6,3,9
10003,5,2026,290,136,104.82,121.29,4,10,0,14,11,148
10048,7,2025,655,87,83.1,108.41,2,4,0,6,3,63
10129,8,2024,339,5,125.9,174.7,0,2,1,3,3,4
10044,2,2026,187,16,99.84,130.62,0,0,0,0,0,12
10023,4,2026,159,41,103.19,122.02,2,4,0,6,4,61
10130,8,2024,655,7,74.62,110.2,0,0,0,0,0,12
10148,4,2024,491,30,84.39,106.53,0,1,2,3,2,18
10147,5,2026,471,26,70.72,85.72,2,0,0,2,1,20
10081,6,2026,768,1,105.54,123.93,1,0,1,2,1,1
10048,1,2026,655,90,72.33,76.96,0,1,7,8,4,63
10077,2,2026,219,341,95.14,129.3,5,1,0,6,4,380
10129,1,2025,339,6,126.93,145.53,3,2,2,7,4,9
10097,9,2025,544,4,79.24,114.47,0,2,3,5,4,6
10106,2,2025,697,5,108.61,155.56,0,2,1,3,2,6
10058,11,2024,304,177,91.08,128.25,4,0,1,5,2,172
10015,4,2024,454,13,94.18,129.27,1,4,0,5,4,9
10047,1,2026,278,3,139.13,186.35,2,0,0,2,2,4
10094,1,2027,257,5,95.65,138.8,3,0,0,3,2,10
10018,5,2024,175,124,72.44,95.68,0,0,4,4,3,125
10143,4,2026,727,39,88.7,121.31,0,0,3,3,2,19
10007,9,2025,303,46,92.02,125.7,0,8,1,9,5,32
10154,1,2026,199,155,108.76,151.05,7,17,0,24,12,72
10161,10,2025,614,9,74.32,101.12,2,0,3,5,3,2
10022,1,2026,626,14,126.73,179.45,3,7,0,10,6,10
10058,11,2025,304,263,83.3,123.42,6,0,0,6,4,158
10090,11,2024,422,7,125.66,162.85,1,3,0,4,3,9
10027,5,2027,268,4,84.28,100.9,0,0,0,0,0,1
10063,2,2026,605,7,93.99,111.2,0,1,0,1,1,9
10098,12,2027,238,103,78.98,104.34,0,0,3,3,2,75
10128,6,2024,746,291,116.23,141.53,1,70,0,71,65,303
10021,12,2024,164,327,91.81,123.62,13,2,0,15,8,295
10063,10,2025,605,8,91.26,108.46,0,1,1,2,2,11
10110,12,2024,675,12,95.81,128.91,1,2,0,3,2,19
10033,7,2024,95,11,70.82,111.11,0,0,1,1,1,10
10163,2,2026,782,8,81.38,108.29,3,4,0,7,6,10
10072,7,2025,859,86,116.85,154.56,3,34,2,39,18,1
10070,5,2025,469,8,100.76,142.4,1,0,0,1,1,12
10140,9,2024,672,77,64.92,93.31,0,3,9,12,10,83
10048,12,2026,655,99,97.37,128.29,3,1,3,7,5,108
10104,9,2025,249,21,100.91,124.24,1,6,0,7,5,20
10001,11,2025,682,4,116.7,151.18,0,2,2,4,3,2
10015,6,2027,454,15,83.16,115.4,1,0,0,1,0,18
10147,7,2027,471,13,123.39,133.37,0,7,2,9,6,14
10078,9,2024,555,47,82.84,90.43,2,0,0,2,1,68
10097,6,2025,544,5,87.59,114.62,2,5,1,8,5,5
10098,5,2027,238,138,68.77,104.3,0,3,9,12,8,168
10019,7,2025,488,15,100.84,137.32,1,0,0,1,1,15
10135,2,2025,245,1,158.0,190.0,0,1,0,1,0,4
10111,6,2025,146,7,111.56,127.3,0,0,0,0,0,10
10135,3,2025,245,2,112.43,164.12,0,0,0,0,0,2
10074,3,2025,717,27,76.72,118.87,0,1,0,1,1,20
10039,4,2025,691,66,89.53,100.8,0,4,0,4,2,97
10074,1,2026,717,34,93.09,102.41,0,0,1,1,1,57
10070,10,2024,469,9,78.83,102.24,0,4,0,4,3,14
10068,9,2025,851,64,107.71,138.69,2,10,0,12,9,80
10102,5,2026,654,3,100.5,112.83,0,0,0,0,0,1
10006,7,2025,455,43,90.08,110.09,0,1,0,1,1,38
10142,5,2025,918,3,95.52,113.5,1,0,0,1,1,3
10118,9,2025,692,23,104.18,129.43,1,0,1,2,1,23
10044,11,2025,187,17,78.51,84.88,0,2,0,2,2,23
10003,12,2026,290,133,73.07,100.8,0,3,7,10,4,158
10093,7,2025,510,14,78.93,111.84,0,0,0,0,0,10
10149,9,2026,722,23,100.78,119.29,0,3,0,3,3,32
10152,9,2024,639,6,104.46,124.56,1,2,1,4,2,6
10059,9,2025,918,33,80.49,87.61,0,2,0,2,1,21
10045,1,2027,725,22,107.12,136.62,0,4,1,5,3,23
10155,4,2024,426,77,91.5,130.55,1,1,1,3,2,68
10091,2,2024,140,13,94.86,129.72,1,1,0,2,1,20
10002,8,2026,847,4,68.87,104.23,0,1,4,5,3,6
10027,2,2026,268,4,115.38,146.03,0,0,0,0,0,8
10116,7,2024,631,15,68.0,94.7,0,0,0,0,0,15
10098,10,2024,238,67,80.59,115.43,1,2,2,5,4,59
10029,9,2026,904,46,75.28,91.84,0,1,2,3,2,38
10100,2,2025,850,9,125.25,149.11,0,4,1,5,4,13
10007,11,2026,303,50,90.6,129.29,3,0,0,3,2,38
10132,2,2027,662,38,78.74,87.88,0,0,0,0,0,37
10134,5,2026,124,3,81.4,89.03,0,1,0,1,1,3
10065,12,2025,518,227,104.67,117.4,6,13,0,19,14,232
10114,5,2024,649,9,81.54,121.39,0,5,0,5,4,9
10067,6,2026,683,79,126.39,156.17,6,39,5,50,38,59
10157,11,2024,786,2,88.65,103.97,0,1,2,3,2,6
10154,6,2026,199,86,78.57,100.64,1,0,0,1,1,111
10111,1,2026,146,10,68.78,73.49,0,0,1,1,1,10
10045,9,2027,725,9,101.58,149.79,1,0,0,1,0,15
10149,7,2025,722,40,98.18,140.05,1,1,1,3,1,44
10137,1,2025,630,140,130.19,164.6,3,51,0,54,31,182
10134,7,2025,124,1,144.62,184.25,0,1,1,2,1,5
10022,2,2027,626,15,99.29,106.01,0,3,0,3,2,20
10019,11,2025,488,24,82.87,94.62,1,2,1,4,3,20
10113,7,2026,309,3,67.89,84.39,0,0,0,0,0,2
10033,8,2024,95,11,91.48,113.18,0,0,1,1,1,7
10141,6,2024,910,12,84.68,112.1,0,0,2,2,1,7
10116,5,2025,631,19,76.55,100.21,1,4,2,7,4,21
10128,5,2025,746,163,96.82,110.41,2,5,0,7,6,178
10104,7,2024,249,28,92.25,102.41,1,0,0,1,1,19
10045,8,2026,725,21,105.96,138.23,2,4,0,6,4,40
10130,12,2025,655,12,85.29,120.27,1,0,0,1,1,10
10103,10,2026,561,2,70.44,74.52,0,0,0,0,0,1
10160,5,2025,592,40,102.33,147.36,1,2,2,5,3,60
10048,4,2025,655,74,93.48,103.58,0,2,2,4,3,50
10074,6,2026,717,29,102.12,110.89,0,3,0,3,1,23
10145,5,2024,863,8,80.98,104.96,0,0,0,0,0,13
10041,4,2024,327,8,78.65,100.4,2,0,2,4,3,9
10107,11,2026,885,28,57.86,71.96,0,0,11,11,10,17
10027,5,2024,268,5,67.07,92.49,2,0,0,2,1,9
10138,9,2024,592,18,78.4,104.72,0,0,0,0,0,24
10080,3,2027,639,118,73.64,94.31,0,0,8,8,4,202
10049,10,2025,145,380,86.2,108.94,3,4,39,46,30,380
10159,4,2027,165,46,95.57,117.32,0,4,0,4,3,73
10082,8,2024,860,52,94.5,113.21,2,0,2,4,2,63
10135,2,2024,245,6,57.59,63.35,0,0,0,0,0,9
10082,11,2026,860,103,82.28,120.0,5,0,0,5,3,69
10159,5,2024,165,107,70.78,98.74,2,0,7,9,4,111
10122,2,2025,593,5,112.85,148.57,1,2,0,3,3,8
10148,6,2025,491,60,93.36,125.99,1,2,0,3,1,43
10152,3,2026,639,6,100.08,141.97,0,3,0,3,2,11
10136,7,2024,854,51,88.01,103.27,7,2,0,9,5,91
10059,6,2024,918,20,77.77,114.3,0,0,0,0,0,18
10012,7,2025,423,8,96.39,128.26,1,0,0,1,1,12
10012,5,2026,423,7,82.36,120.48,1,0,2,3,2,3
10025,5,2024,621,29,93.37,104.03,3,0,1,4,2,53
10123,12,2026,194,5,63.7,85.44,0,1,0,1,1,2
10050,4,2024,750,126,69.43,104.95,1,0,6,7,5,130
10068,6,2026,851,104,75.57,83.85,0,4,0,4,2,116
10132,1,2025,662,24,132.77,159.17,0,8,0,8,6,21
10083,2,2026,131,67,86.87,123.78,0,0,0,0,0,64
10000,11,2025,605,31,99.12,115.31,1,0,2,3,2,25
10081,7,2024,768,2,108.13,160.72,0,2,0,2,2,4
10083,1,2025,131,76,86.12,99.11,2,1,0,3,1,60
10135,8,2025,245,2,96.28,104.37,0,2,0,2,1,7
10118,2,2026,692,22,78.02,111.48,0,3,0,3,1,26
10145,8,2024,863,8,83.16,113.72,0,2,2,4,2,11
10086,12,2026,139,11,121.69,166.44,2,5,2,9,4,18
10083,10,2025,131,75,89.89,117.82,0,0,0,0,0,119
10094,2,2026,257,15,81.35,111.2,0,0,2,2,1,8
10116,1,2027,631,17,80.68,114.32,3,0,2,5,4,17
10012,10,2026,423,7,87.4,122.51,1,2,0,3,1,5
10056,8,2026,414,76,87.28,103.21,0,1,0,1,0,127
10166,1,2026,134,8,75.45,112.73,0,0,0,0,0,8
10123,1,2027,194,4,99.73,118.46,1,0,0,1,1,6
10102,2,2025,654,6,96.85,128.93,0,3,0,3,3,7
10147,12,2025,471,21,76.85,102.28,0,3,2,5,4,28
10110,7,2025,675,10,95.71,109.43,0,1,0,1,1,18
10019,10,2025,488,21,109.22,135.81,0,5,0,5,3,28
10041,8,2024,327,9,92.95,103.11,0,0,1,1,1,8
10042,10,2026,626,16,107.96,118.57,0,2,2,4,2,19
10012,8,2026,423,8,75.22,112.81,1,1,1,3,2,7
10147,3,2027,471,11,90.19,117.47,2,2,0,4,3,10
10147,7,2026,471,22,82.44,105.57,2,6,1,9,7,8
10055,9,2027,145,5,112.06,131.14,2,2,0,4,2,10
10034,5,2026,383,18,74.42,98.13,2,0,0,2,1,13
10149,4,2027,722,20,90.64,107.54,0,0,0,0,0,21
10017,5,2026,559,165,93.05,126.74,2,1,0,3,2,124
10092,6,2024,321,16,133.52,154.98,4,12,0,16,7,23
10157,11,2027,786,2,101.49,111.6,0,0,0,0,0,1
10155,6,2026,426,64,96.13,142.97,1,0,0,1,0,74
10080,1,2026,639,250,67.13,93.37,1,25,16,42,30,181
10039,12,2026,691,81,80.24,96.16,0,0,0,0,0,100
10075,10,2025,735,6,92.11,126.28,0,1,3,4,3,13
10076,7,2025,327,40,104.84,113.8,0,6,0,6,3,35
10169,8,2027,425,12,67.29,106.78,0,0,1,1,0,11
10095,10,2026,270,12,88.93,119.3,1,1,0,2,1,15
10107,9,2025,885,16,120.4,139.24,0,4,1,5,3,23
10077,3,2025,219,293,78.77,91.24,1,2,0,3,3,165
10139,5,2026,498,108,104.17,110.62,1,5,4,10,7,149
10048,11,2026,655,93,92.92,102.59,0,0,0,0,0,86
10090,10,2027,422,9,85.93,104.73,0,0,3,3,2,4
10013,4,2025,838,13,93.37,113.86,0,0,1,1,1,10
10036,5,2025,355,6,101.99,121.06,1,0,0,1,0,7
10164,8,2026,498,57,91.41,113.44,1,0,0,1,1,65
10037,12,2025,273,7,76.88,85.7,0,4,1,5,4,1
10048,8,2024,655,54,65.22,78.1,0,0,7,7,5,65
10041,11,2025,327,9,91.74,118.82,1,0,4,5,3,4
10055,6,2027,145,10,90.39,106.84,0,0,1,1,1,13
10094,11,2024,257,17,72.96,98.39,0,2,1,3,2,12
10074,7,2027,717,13,82.71,102.19,0,0,3,3,3,20
10135,1,2026,245,3,80.9,102.84,2,3,1,6,3,1
10148,11,2026,491,44,89.92,97.15,0,0,0,0,0,41
10003,6,2024,290,63,98.01,128.27,3,3,3,9,8,45
10112,1,2026,434,12,93.36,127.46,0,1,0,1,1,18
10159,1,2026,165,117,97.72,116.21,0,5,0,5,3,112
10078,3,2025,555,39,124.02,167.13,1,17,0,18,15,51
10087,7,2026,809,11,60.88,78.27,2,2,0,4,2,16
10141,3,2027,910,17,116.15,149.24,5,7,1,13,8,19
10018,9,2024,175,192,74.46,100.02,1,3,5,9,5,371
10081,6,2025,768,3,107.49,118.02,0,0,0,0,0,4
10048,12,2025,655,90,83.44,115.28,0,1,0,1,0,123
10010,12,2024,809,10,75.32,84.71,2,0,1,3,2,5
10091,2,2026,140,19,67.48,101.37,1,0,3,4,2,17
10019,3,2027,488,21,79.9,115.75,0,0,0,0,0,28
10042,1,2026,626,15,59.78,87.24,0,0,3,3,2,15
10004,7,2027,564,32,83.05,105.58,0,0,0,0,0,29
10013,10,2024,838,9,79.41,96.73,0,1,0,1,1,8
10073,9,2024,689,8,80.55,101.65,0,1,0,1,1,9
10086,10,2026,139,17,108.15,153.1,2,1,0,3,1,7
10075,11,2024,735,4,90.14,132.3,0,0,0,0,0,3
10013,2,2026,838,15,84.57,94.05,2,1,0,3,2,22
10048,1,2025,655,79,106.27,126.44,3,7,0,10,7,88
10126,5,2026,565,2,111.35,133.15,0,0,0,0,0,5
10081,4,2024,768,3,85.54,118.48,2,2,3,7,3,4
10134,4,2024,124,2,54.56,92.52,2,0,1,3,2,1
10164,11,2024,498,26,102.0,130.29,1,0,3,4,3,22
10022,5,2027,626,13,88.15,133.65,0,4,2,6,5,8
10033,6,2025,95,9,99.96,132.91,1,1,1,3,2,10
10083,7,2026,131,76,54.99,92.82,1,0,13,14,6,36
10083,7,2025,131,71,88.88,107.47,0,0,0,0,0,57
10125,10,2026,862,18,99.02,112.3,0,1,0,1,1,24
10043,1,2025,187,9,101.33,132.64,0,0,2,2,1,11
10084,10,2026,607,12,72.92,112.32,0,2,1,3,1,12
10071,2,2025,540,31,77.01,87.85,0,0,0,0,0,10
10057,8,2026,274,28,77.72,117.29,0,0,0,0,0,43
10052,11,2024,319,8,86.88,131.99,1,1,0,2,2,8
10169,6,2024,425,26,87.55,126.48,2,0,3,5,4,22
10064,6,2024,340,6,67.18,71.25,1,0,0,1,1,7
10125,2,2026,862,18,99.02,109.25,0,0,0,0,0,26
10125,11,2026,862,19,96.11,117.04,1,1,0,2,1,28
10027,10,2026,268,5,102.96,142.62,0,2,2,4,2,4
10084,1,2026,607,15,118.02,128.17,1,6,0,7,4,10
10038,12,2025,221,8,112.03,140.42,0,2,1,3,3,9
10147,6,2027,471,13,92.1,117.13,0,0,0,0,0,12
10067,1,2027,683,42,119.55,175.09,1,17,0,18,15,56
10094,1,2026,257,15,103.1,116.94,1,0,2,3,2,20
10019,10,2024,488,14,66.35,74.79,2,0,2,4,4,8
10158,6,2027,277,15,67.82,92.26,0,3,2,5,3,13
10015,11,2026,454,25,89.2,125.9,2,1,4,7,6,19
10012,2,2025,423,9,89.12,105.86,0,1,2,3,2,11
10116,2,2025,631,14,80.68,92.21,0,0,0,0,0,22
10045,1,2028,725,12,90.04,130.09,0,2,2,4,3,15
10160,12,2024,592,40,85.72,116.62,0,3,0,3,1,33
10152,9,2026,639,5,105.08,130.99,2,0,0,2,2,6
10056,9,2024,414,49,103.22,119.46,0,2,1,3,2,34
10070,2,2025,469,6,115.73,144.23,1,2,0,3,3,4
10077,7,2025,219,336,73.71,82.45,0,2,5,7,4,279
10123,11,2024,194,10,102.89,121.56,1,0,0,1,1,5
10038,11,2025,221,10,89.81,100.79,2,2,2,6,4,2
10042,10,2024,626,7,92.92,125.26,0,0,1,1,1,6
10078,2,2026,555,52,107.81,130.94,0,5,3,8,4,38
10163,11,2025,782,8,87.76,120.98,0,4,2,6,5,7
10001,9,2026,682,4,95.01,120.38,2,0,0,2,1,2
10044,9,2026,187,21,87.3,96.24,3,0,0,3,2,16
10169,2,2025,425,26,94.53,114.06,0,1,3,4,3,37
10168,5,2025,102,205,103.16,117.16,4,11,1,16,11,300
10067,9,2026,683,58,104.9,122.83,0,2,0,2,1,67
10152,2,2025,639,7,102.65,148.54,3,0,0,3,1,6
10126,9,2025,565,3,95.9,121.75,0,0,0,0,0,4
10015,12,2024,454,21,87.78,110.22,2,0,0,2,2,29
10002,4,2027,847,1,157.56,190.0,1,0,0,1,1,2
10028,5,2025,164,5,92.06,127.11,0,0,4,4,3,1
10154,12,2025,199,143,86.26,107.15,0,2,0,2,1,122
10084,2,2025,607,12,68.77,89.87,0,0,3,3,2,13
10164,2,2026,498,47,97.36,139.52,2,0,0,2,1,57
10103,4,2027,561,2,88.75,110.83,1,0,0,1,1,1
10020,9,2025,119,88,84.93,124.74,1,6,0,7,4,102
10089,11,2024,840,7,114.29,126.73,0,1,0,1,1,10
10113,9,2024,309,2,97.65,120.28,0,0,0,0,0,1
10038,9,2024,221,6,75.18,91.37,3,1,0,4,4,9
10051,3,2026,536,53,107.91,126.14,1,7,0,8,6,46
10034,3,2025,383,23,102.62,118.16,0,0,3,3,3,31
10154,3,2025,199,150,76.96,103.37,0,3,2,5,3,142
10088,5,2025,535,4,91.59,99.0,1,0,0,1,0,6
10078,9,2026,555,61,111.62,144.5,4,11,0,15,9,43
10003,4,2025,290,100,95.41,112.35,0,1,0,1,0,77
10126,8,2027,565,1,109.62,128.6,0,0,1,1,1,1
10026,3,2026,115,5,99.98,123.71,1,0,0,1,1,2
10072,9,2025,859,81,104.82,127.21,1,8,1,10,5,88
10031,5,2025,881,102,85.43,118.86,6,0,0,6,4,61
10095,3,2026,270,16,78.99,105.06,0,0,0,0,0,20
10088,9,2025,535,3,82.52,101.29,0,0,0,0,0,2
10169,1,2027,425,17,90.31,108.38,0,1,0,1,1,16
10163,8,2024,782,5,55.64,69.18,1,0,2,3,3,5
10050,2,2026,750,136,114.12,142.1,1,11,0,12,6,125
10051,6,2026,536,57,89.86,104.9,0,0,2,2,2,46
10086,11,2024,139,9,131.15,159.21,2,5,1,8,6,10
10166,10,2024,134,8,56.09,62.59,1,0,0,1,1,6
10132,7,2027,662,41,69.44,99.0,2,0,7,9,7,40
10124,1,2026,177,8,109.16,135.12,1,4,2,7,3,11
10006,4,2024,455,35,87.04,115.84,7,0,0,7,6,26
10017,11,2026,559,79,89.33,117.03,1,0,0,1,1,24
10163,6,2025,782,11,93.61,112.59,3,2,1,6,3,7
10137,11,2024,630,129,110.4,165.7,7,27,0,34,16,73
10084,6,2025,607,16,76.56,117.14,1,4,0,5,4,10
10148,2,2026,491,62,91.09,107.5,0,0,0,0,0,50
10164,6,2024,498,21,137.46,160.77,5,11,0,16,14,30
10102,7,2024,654,6,69.23,98.78,0,0,0,0,0,9
10045,4,2026,725,26,85.47,124.39,2,0,0,2,1,32
10124,8,2024,177,6,96.63,109.9,0,3,1,4,2,7
10107,11,2025,885,20,71.37,94.04,0,0,2,2,1,13
10125,5,2025,862,23,92.32,107.82,0,0,0,0,0,33
10114,2,2026,649,9,85.52,124.41,0,0,0,0,0,17
10156,7,2024,175,5,158.0,190.0,0,4,0,4,2,8
10092,8,2024,321,21,85.55,103.53,1,1,3,5,3,17
10157,1,2025,786,3,90.76,131.12,2,1,0,3,2,1
10127,1,2026,510,18,93.7,101.13,2,0,0,2,1,15
10039,11,2025,691,67,105.36,130.74,2,10,0,12,6,56
10116,3,2026,631,14,85.58,108.51,0,1,0,1,1,12
10090,11,2027,422,6,118.03,158.65,0,4,2,6,4,11
10156,9,2024,175,7,139.72,178.95,2,4,1,7,4,9
10144,5,2024,189,11,86.75,111.07,0,2,1,3,3,9
10140,11,2026,672,130,76.18,101.73,2,0,0,2,1,163
10083,7,2024,131,58,82.47,95.52,1,1,0,2,1,76
10169,12,2026,425,19,88.68,123.83,3,0,0,3,2,20
10127,6,2026,510,18,65.43,71.11,0,0,3,3,2,10
10074,4,2025,717,26,85.84,107.62,1,0,0,1,0,34
10012,7,2024,423,5,83.79,99.06,1,0,2,3,3,7
10044,6,2027,187,11,85.01,105.87,0,0,0,0,0,8
10141,1,2025,910,19,96.37,103.03,0,1,0,1,0,20
10083,6,2026,131,77,86.38,96.71,0,0,0,0,0,75
10147,10,2025,471,25,93.32,106.72,0,0,0,0,0,27
10080,6,2025,639,186,92.44,136.18,13,0,4,17,10,223
10099,8,2026,532,10,91.4,128.72,0,1,1,2,2,9
10101,1,2025,469,18,91.17,132.7,2,0,1,3,2,30
10015,6,2025,454,21,106.16,119.12,0,0,0,0,0,24
10085,9,2026,297,2,133.79,159.82,0,2,0,2,2,1
10120,9,2024,378,18,78.71,95.95,0,3,3,6,3,10
10018,9,2025,175,195,112.85,148.16,13,28,5,46,23,209
10115,12,2027,399,36,101.59,134.69,3,1,2,6,4,47
10145,12,2025,863,11,86.39,95.23,2,0,0,2,1,16
10117,12,2026,484,12,94.71,109.58,0,0,2,2,2,11
10136,5,2025,854,103,88.23,109.78,0,0,3,3,2,128
10128,2,2025,746,231,78.28,110.66,2,0,0,2,2,209
10147,6,2025,471,25,85.89,127.34,0,0,1,1,0,14
10168,11,2026,102,165,102.32,113.87,21,16,0,37,16,163
10137,2,2025,630,162,117.16,133.17,6,54,2,62,33,175
10039,2,2026,691,78,111.81,133.76,6,11,0,17,7,71
10124,10,2025,177,9,94.4,115.33,0,1,4,5,3,8
10138,9,2025,592,27,86.9,128.36,1,0,0,1,1,16
10021,11,2024,164,264,68.62,89.09,33,1,40,74,58,313
10166,11,2026,134,3,96.53,109.91,1,2,1,4,3,1
10112,12,2024,434,14,71.6,98.6,1,0,1,2,1,20
10035,5,2024,335,11,65.26,83.02,1,0,1,2,2,8
10106,4,2025,697,6,95.86,118.42,3,0,0,3,2,7
10123,2,2025,194,10,91.45,113.22,0,0,2,2,1,11
10077,12,2025,219,285,86.26,92.18,0,5,0,5,3,354
10011,3,2025,866,52,122.86,136.76,0,6,0,6,3,58
10087,7,2024,809,4,110.46,149.01,1,0,1,2,2,2
10038,10,2025,221,8,107.89,149.37,2,3,0,5,4,7
10008,6,2026,140,34,76.08,95.81,0,1,3,4,2,27
10147,5,2027,471,11,93.09,114.77,2,0,0,2,1,11
10051,1,2027,536,55,64.87,87.75,2,0,8,10,6,56
10127,3,2025,510,24,66.69,104.6,0,3,3,6,5,24
10015,1,2027,454,25,100.87,128.47,3,3,0,6,5,22
10121,4,2025,305,380,104.37,154.42,12,54,0,66,51,311
10080,2,2025,639,174,89.29,98.66,0,0,0,0,0,208
10039,9,2026,691,76,70.85,84.16,0,2,6,8,6,52
10025,11,2026,621,30,99.12,144.37,0,1,1,2,2,26
10161,3,2026,614,8,74.41,108.27,0,7,2,9,4,5
10157,10,2026,786,2,81.35,104.43,1,0,2,3,2,2
10087,7,2027,809,7,82.89,105.53,3,3,1,7,5,6
10085,5,2025,297,6,116.09,143.95,1,1,1,3,2,10
10113,12,2026,309,2,114.85,144.3,0,2,0,2,1,1
10165,7,2025,864,46,96.8,123.24,2,2,2,6,3,43
10167,9,2024,804,58,70.18,90.86,0,0,8,8,4,66
10160,3,2027,592,44,92.9,111.67,0,0,0,0,0,36
10154,6,2025,199,138,107.42,141.68,11,11,1,23,20,143
10130,8,2025,655,13,75.66,90.96,2,0,4,6,3,18
10116,12,2026,631,19,77.58,103.97,0,3,1,4,2,20
10012,4,2026,423,8,93.56,128.63,0,1,0,1,0,5
10127,12,2025,510,15,75.29,101.62,1,2,0,3,3,22
10116,4,2025,631,19,60.8,90.64,0,3,3,6,3,23
10029,8,2027,904,23,82.73,112.3,3,0,0,3,2,18
10055,11,2025,145,17,135.23,154.97,1,9,0,10,8,16
10075,6,2026,735,6,106.61,117.1,1,2,0,3,2,7
10057,5,2027,274,16,96.96,110.17,0,0,0,0,0,21
10115,9,2024,399,44,97.62,122.25,2,0,0,2,1,55
10028,12,2024,164,5,91.62,116.52,0,0,1,1,0,7
10083,1,2027,131,40,76.91,114.68,0,1,2,3,2,54
10164,10,2025,498,38,107.29,154.69,0,4,0,4,4,45
10055,12,2024,145,19,107.29,128.44,0,1,2,3,2,24
10045,12,2024,725,22,118.48,161.48,2,10,0,12,9,18
10156,11,2024,175,9,83.21,109.23,0,0,0,0,0,13
10055,12,2026,145,10,106.86,125.31,1,4,3,8,3,5
10108,3,2025,647,13,87.28,95.27,0,1,1,2,2,17
10013,6,2025,838,9,91.84,115.67,1,0,0,1,1,13
10096,1,2026,592,9,67.57,76.1,0,0,0,0,0,6
10090,2,2025,422,9,136.25,182.69,0,2,0,2,1,16
10110,1,2025,675,15,118.28,165.73,0,4,0,4,3,11
10099,3,2026,532,10,100.63,116.27,0,3,2,5,4,4
10118,9,2024,692,17,107.61,153.72,0,0,1,1,1,15
10094,3,2024,257,10,90.17,121.03,0,0,0,0,0,8
10004,9,2025,564,25,114.29,148.31,2,3,3,8,5,20
10038,9,2026,221,14,96.05,120.52,2,0,2,4,2,21
10007,10,2024,303,31,101.96,138.23,1,3,0,4,3,25
10162,6,2027,863,17,70.94,98.15,1,1,2,4,2,13
10157,3,2028,786,2,105.0,146.84,0,0,1,1,1,1
10098,10,2026,238,151,100.11,134.92,4,0,0,4,2,98
10127,1,2025,510,18,80.81,116.74,1,0,1,2,1,30
10168,11,2024,102,197,144.07,190.0,23,100,1,124,66,198
10002,12,2024,847,1,108.49,155.22,1,0,1,2,1,6
10059,2,2025,918,21,94.35,141.74,1,0,3,4,2,39
10113,12,2025,309,3,93.18,111.08,2,0,3,5,3,4
10119,7,2025,887,13,98.2,115.34,0,0,0,0,0,14
10029,4,2024,904,15,87.12,105.0,0,4,1,5,3,11
10116,8,2026,631,14,99.55,127.13,0,3,0,3,2,17
10093,5,2027,510,6,100.63,139.5,0,1,0,1,1,10
10057,12,2024,274,21,95.5,123.3,3,1,0,4,3,19
10104,5,2025,249,36,79.88,98.37,0,0,0,0,0,57
10115,8,2024,399,49,73.92,111.17,1,0,0,1,1,69
10148,3,2027,491,60,83.51,90.47,0,4,0,4,2,46
10135,5,2025,245,2,93.1,138.43,0,0,2,2,2,1
10104,10,2024,249,27,92.24,132.02,1,1,0,2,1,39
10161,8,2025,614,7,107.75,150.77,0,4,1,5,4,8
10147,9,2025,471,21,92.68,128.89,3,0,0,3,2,19
10116,3,2027,631,18,53.44,61.74,0,0,6,6,3,14
10086,5,2026,139,12,117.66,130.36,1,3,1,5,2,8
10042,4,2028,626,10,65.5,74.37,0,0,2,2,2,10
10033,5,2024,95,12,69.33,85.36,0,1,1,2,1,17
10015,10,2025,454,21,93.65,121.01,0,4,1,5,4,18
10144,9,2024,189,10,92.53,128.32,2,0,0,2,2,12
10162,4,2027,863,18,58.69,78.43,0,5,5,10,6,13
10055,4,2025,145,21,96.01,137.31,1,1,3,5,4,22
10015,2,2027,454,20,86.14,96.31,1,0,2,3,1,20
10124,3,2027,177,7,110.16,122.17,2,5,2,9,6,5
10146,6,2025,105,11,74.1,116.06,2,0,2,4,2,11
10092,10,2024,321,20,113.57,140.19,3,2,0,5,3,23
10092,6,2025,321,18,106.23,129.68,1,1,2,4,2,22
10017,4,2025,559,139,122.24,171.5,11,65,0,76,33,199
10166,5,2026,134,5,84.96,99.99,0,2,0,2,2,5
10070,1,2025,469,7,102.45,138.6,3,3,0,6,3,8
10038,11,2024,221,6,60.63,79.49,2,1,5,8,4,12
10100,9,2024,850,14,100.05,145.12,0,0,0,0,0,7
10080,4,2024,639,137,106.78,142.46,2,18,0,20,13,156
10039,1,2026,691,68,96.62,140.21,1,0,2,3,2,94
10020,2,2025,119,67,100.46,136.03,0,6,1,7,6,121
10043,12,2025,187,8,79.67,88.23,0,0,2,2,1,10
10162,12,2025,863,18,82.93,101.36,0,0,2,2,1,22
10106,5,2024,697,7,77.82,110.57,0,0,0,0,0,3
10078,11,2025,555,56,93.67,132.06,3,0,0,3,2,16
10017,2,2025,559,138,88.15,118.09,2,0,3,5,2,44
10079,3,2025,706,14,92.46,97.07,0,0,0,0,0,16
10089,10,2025,840,9,89.26,130.34,0,0,0,0,0,11
10005,1,2026,184,21,82.5,121.3,0,0,0,0,0,18
10107,11,2024,885,11,101.6,134.68,2,6,0,8,4,14
10009,2,2026,655,160,80.04,108.09,1,1,0,2,1,89
10007,7,2024,303,35,73.92,94.83,0,0,7,7,4,19
10092,12,2024,321,22,79.54,100.12,0,0,4,4,2,34
10038,2,2027,221,9,90.4,98.84,2,0,1,3,2,2
10038,4,2027,221,5,91.55,129.13,1,1,0,2,2,9
10101,4,2025,469,24,91.54,126.73,1,2,0,3,1,23
10013,4,2026,838,17,83.43,94.5,0,0,0,0,0,26
10045,9,2026,725,25,99.44,112.79,1,1,1,3,3,41
10009,5,2027,655,95,77.82,98.98,0,2,0,2,1,69
10169,10,2027,425,12,111.2,145.29,2,0,0,2,1,12
10060,6,2026,192,13,85.77,118.27,0,2,0,2,1,9
10059,12,2024,918,25,110.76,125.03,0,5,1,6,3,26
10025,11,2025,621,50,103.52,124.64,0,1,0,1,1,54
10103,4,2025,561,2,82.04,118.2,1,2,1,4,2,1
10074,1,2024,717,36,66.11,107.34,2,0,3,5,4,35
10020,8,2025,119,77,87.12,105.21,0,2,0,2,1,71
10138,10,2025,592,25,93.14,111.47,0,2,0,2,2,19
10093,8,2025,510,15,93.16,118.74,0,0,0,0,0,19
10043,9,2025,187,11,103.94,145.03,1,1,0,2,2,12
10089,1,2025,840,6,103.81,145.2,0,2,0,2,2,14
10061,7,2024,854,109,59.7,83.74,0,0,19,19,12,82
10099,4,2027,532,7,119.23,148.47,0,2,1,3,2,8
10066,12,2024,132,86,77.15,111.38,2,0,1,3,2,70
10137,6,2025,630,155,112.0,133.87,11,18,1,30,24,241
10135,7,2026,245,4,62.13,80.28,0,2,0,2,2,4
10091,1,2025,140,23,101.93,122.84,0,1,0,1,1,13
10050,11,2024,750,104,119.4,146.6,11,37,0,48,28,88
10125,6,2024,862,15,71.4,98.93,1,0,0,1,1,10
10156,12,2024,175,11,89.99,105.52,0,2,3,5,4,10
10044,12,2026,187,11,87.67,121.54,1,1,3,5,2,12
10060,11,2025,192,20,97.41,141.03,0,2,3,5,4,15
10044,5,2025,187,14,78.39,114.63,0,2,0,2,1,14
10009,7,2025,655,207,73.33,94.84,0,0,1,1,1,169
10111,11,2025,146,11,97.36,123.86,0,3,2,5,3,8
10143,12,2024,727,33,93.73,120.63,0,0,1,1,0,45
10169,11,2025,425,26,109.67,119.54,2,9,0,11,8,39
10129,4,2024,339,8,102.16,112.51,2,0,0,2,1,11
10095,1,2025,270,9,62.21,96.84,0,0,6,6,5,10
10114,1,2025,649,10,80.3,123.95,0,1,3,4,2,11
10117,4,2026,484,18,104.84,150.31,1,4,0,5,4,20
10054,4,2026,871,190,102.53,134.72,13,16,0,29,15,197
10114,4,2025,649,10,94.35,131.57,1,4,1,6,3,5
10004,10,2025,564,26,87.79,100.73,0,2,1,3,1,34
10152,4,2025,639,8,94.44,125.45,0,4,2,6,5,6
10158,4,2025,277,16,82.43,124.01,0,0,0,0,0,17
10138,8,2024,592,16,76.43,85.83,0,1,0,1,1,15
10104,5,2026,249,26,83.52,107.82,0,0,0,0,0,13
10005,8,2024,184,8,61.21,85.92,0,0,1,1,0,8
10157,7,2027,786,1,132.84,178.6,0,0,1,1,1,5
10162,1,2025,863,18,90.79,98.32,0,1,2,3,2,19
10085,11,2026,297,1,158.0,190.0,1,1,0,2,1,1
10035,12,2025,335,12,56.34,68.95,0,1,4,5,2,10
10024,1,2025,549,197,82.49,111.51,2,2,1,5,3,186
10083,4,2026,131,58,90.79,112.76,2,0,0,2,2,75
10123,12,2025,194,7,84.66,111.26,2,0,2,4,2,7
10055,2,2027,145,10,102.38,127.34,2,1,1,4,3,9
10144,7,2024,189,11,104.85,149.96,0,5,0,5,4,5
10132,11,2024,662,29,85.83,112.03,1,2,0,3,3,14
10037,9,2025,273,7,87.25,99.53,0,5,0,5,4,12
10152,8,2025,639,5,101.68,140.37,2,4,3,9,5,5
10055,1,2027,145,8,107.52,128.89,1,0,0,1,1,9
10086,9,2026,139,19,113.09,131.6,2,4,0,6,4,23
10087,9,2025,809,11,64.88,78.68,0,0,3,3,2,13
10039,11,2026,691,83,96.43,135.4,0,2,3,5,4,74
10090,9,2025,422,12,111.9,152.78,4,0,0,4,2,17
10152,9,2025,639,5,87.39,104.74,0,1,0,1,1,5
10063,1,2025,605,3,102.77,123.61,0,3,1,4,3,9
10125,4,2025,862,26,99.5,133.41,4,3,0,7,3,21
10053,9,2026,224,14,79.88,95.82,0,2,0,2,1,5
10104,2,2026,249,27,95.76,114.43,0,1,0,1,1,38
10059,9,2026,918,18,113.75,128.25,0,6,1,7,5,22
10029,11,2025,904,38,93.97,122.96,0,3,2,5,4,19
10099,6,2027,532,8,98.94,110.01,0,4,0,4,2,2
10011,11,2025,866,55,104.42,110.17,2,5,0,7,4,44
10048,7,2024,655,50,77.62,97.31,1,1,2,4,4,47
10125,6,2027,862,13,72.46,107.91,1,0,0,1,1,8
10053,12,2025,224,16,89.62,122.43,2,0,2,4,2,11
10126,2,2027,565,3,82.87,103.09,2,0,0,2,1,1
10056,3,2025,414,59,109.1,121.47,0,7,1,8,7,53
10089,11,2025,840,9,81.19,102.98,0,2,1,3,1,9
10082,8,2026,860,103,92.94,109.47,0,0,0,0,0,112
10005,1,2025,184,12,97.85,135.8,0,0,1,1,1,13
10015,5,2025,454,19,75.2,102.33,1,0,2,3,1,28
10113,8,2025,309,4,108.3,120.71,0,4,0,4,4,4
10065,9,2024,518,170,79.1,90.74,1,0,0,1,0,208
10147,3,2025,471,25,78.57,92.21,0,4,2,6,4,42
10142,8,2024,918,3,62.79,90.51,1,0,0,1,1,6
10113,9,2026,309,4,62.39,102.97,0,1,4,5,2,1
10091,7,2024,140,18,91.2,124.76,0,1,1,2,2,9
10118,3,2025,692,21,110.79,142.87,3,4,0,7,3,22
10018,6,2026,175,143,97.52,106.41,0,0,4,4,2,103
10160,3,2026,592,53,113.19,140.92,3,17,2,22,14,39
10111,12,2025,146,10,82.43,101.14,0,0,0,0,0,11
10082,11,2025,860,119,89.5,126.79,5,1,3,9,5,123
10044,11,2026,187,15,115.85,136.49,1,6,2,9,7,13
10019,7,2027,488,21,74.49,85.37,0,2,1,3,2,26
10168,5,2026,102,306,112.05,137.44,7,54,0,61,46,380
10126,6,2027,565,1,96.45,132.84,0,1,1,2,1,1
10096,4,2026,592,7,94.78,114.95,3,0,0,3,1,3
10097,8,2024,544,2,109.28,150.25,0,0,0,0,0,3
10163,4,2025,782,8,89.7,117.85,0,1,0,1,1,10
10039,2,2027,691,65,84.77,92.77,0,0,0,0,0,84
10108,6,2025,647,8,101.12,145.65,1,2,1,4,2,10
10157,1,2027,786,3,89.18,98.76,1,0,3,4,3,1
10102,10,2026,654,6,68.15,87.59,0,0,1,1,0,1
10133,1,2025,566,105,86.57,94.25,3,0,1,4,2,26
10146,9,2026,105,6,93.68,128.1,1,0,3,4,3,1
10063,1,2027,605,7,63.17,95.74,0,4,3,7,4,2
10060,5,2024,192,12,74.69,103.07,0,1,0,1,1,12
10047,4,2026,278,5,78.06,107.76,0,0,0,0,0,4
10029,5,2026,904,39,80.76,90.27,0,0,0,0,0,49
10048,1,2027,655,93,74.9,90.99,0,0,3,3,2,70
10030,2,2026,243,31,132.48,169.98,0,20,0,20,10,25
10017,8,2025,559,138,92.31,119.63,0,0,4,4,2,98
10098,4,2026,238,116,84.4,103.0,0,0,2,2,1,104
10025,8,2025,621,41,82.38,106.66,0,2,0,2,2,34
10131,3,2026,446,11,67.93,101.65,0,1,0,1,1,8
10109,1,2026,200,17,86.75,103.13,0,6,0,6,3,13
10103,3,2026,561,1,116.63,145.88,1,0,0,1,1,1
10127,4,2027,510,10,85.66,92.35,0,0,0,0,0,10
10165,1,2026,864,31,75.77,87.13,0,1,0,1,1,43
10067,2,2027,683,47,111.67,154.6,2,12,0,14,8,49
10077,10,2024,219,260,72.82,82.48,0,0,4,4,3,218
10089,8,2024,840,5,94.87,106.95,0,1,0,1,1,4
10004,9,2024,564,16,84.47,101.33,1,0,0,1,1,21
10108,5,2025,647,12,72.58,79.32,1,0,0,1,1,11
10002,8,2025,847,4,74.65,88.6,1,0,0,1,0,5
10139,2,2027,498,96,74.35,116.16,1,8,2,11,5,80
10099,2,2025,532,10,123.05,170.24,1,5,0,6,3,11
10055,11,2026,145,13,93.47,137.32,1,1,0,2,2,9
10096,5,2025,592,8,98.51,114.72,0,0,1,1,0,6
10145,9,2026,863,5,121.61,144.2,0,2,1,3,2,1
10112,3,2025,434,14,137.17,153.68,0,9,2,11,8,20
10126,7,2027,565,1,68.49,82.96,0,0,1,1,1,1
10161,1,2025,614,8,110.64,125.29,0,1,0,1,1,7
10014,10,2025,128,13,96.28,136.78,0,0,1,1,1,14
10141,12,2025,910,17,69.23,83.16,0,4,3,7,5,21
10099,9,2027,532,4,96.05,145.87,1,0,0,1,1,5
10163,12,2026,782,8,109.13,134.99,0,0,0,0,0,10
10053,10,2025,224,20,74.23,92.76,0,0,0,0,0,35
10139,1,2026,498,102,87.85,117.11,2,0,3,5,4,115
10050,6,2026,750,105,93.44,112.84,1,1,0,2,1,92
10080,9,2024,639,188,109.9,144.39,11,40,0,51,31,182
10024,2,2026,549,288,63.86,83.27,3,0,32,35,28,380
10075,7,2024,735,4,108.6,145.19,2,2,0,4,2,7
10088,6,2025,535,5,92.99,110.67,0,0,2,2,2,3
10146,10,2026,105,5,89.96,125.13,0,2,3,5,2,5
10147,6,2026,471,27,91.17,128.17,0,0,0,0,0,26
10127,8,2026,510,12,78.32,84.04,1,1,0,2,1,10
10015,9,2027,454,18,80.27,94.36,0,3,0,3,2,23
10080,10,2026,639,139,78.47,105.39,0,1,0,1,1,155
10163,1,2027,782,8,70.89,93.82,0,0,1,1,1,7
10026,2,2025,115,7,86.08,97.43,4,2,2,8,6,6
10160,7,2024,592,38,96.64,129.57,0,1,4,5,2,31
10014,1,2025,128,9,97.71,138.49,0,1,0,1,1,8
10066,11,2024,132,78,94.86,130.79,3,8,0,11,5,111
10066,9,2024,132,76,57.73,66.32,1,3,11,15,9,89
10164,4,2026,498,51,93.25,101.5,1,0,0,1,1,68
10118,7,2024,692,15,89.96,117.35,2,0,0,2,2,13
10086,9,2025,139,15,87.75,109.44,2,3,0,5,3,12
10112,7,2025,434,14,103.07,112.08,2,0,3,5,4,19
10144,3,2024,189,12,69.54,104.37,0,4,1,5,2,11
10134,9,2025,124,3,92.32,106.09,0,0,0,0,0,6
10162,10,2026,863,25,79.16,99.87,0,0,1,1,1,21
10005,3,2027,184,14,79.53,104.96,3,7,0,10,5,15
10072,12,2026,859,68,70.24,81.74,0,0,10,10,9,60
10095,12,2024,270,11,73.39,113.05,0,0,3,3,2,7
10102,3,2027,654,3,93.99,119.81,0,1,0,1,1,8
10148,5,2026,491,67,74.62,96.23,0,2,2,4,3,55
10027,8,2026,268,4,107.54,146.36,4,4,0,8,4,4
10116,7,2027,631,20,70.95,79.17,0,0,4,4,2,31
10103,10,2024,561,2,78.73,119.07,0,2,0,2,2,5
10130,4,2025,655,10,86.13,124.62,0,4,0,4,2,12
10086,11,2025,139,13,121.91,155.7,0,7,1,8,4,13
10014,11,2026,128,12,88.19,126.91,0,0,0,0,0,11
10057,1,2027,274,13,104.28,124.86,0,1,0,1,1,17
10164,12,2026,498,65,91.27,124.23,0,2,0,2,2,57
10060,4,2025,192,18,90.79,104.12,0,0,2,2,1,25
10095,5,2027,270,9,88.24,104.44,2,2,0,4,3,9
10079,3,2026,706,12,68.08,80.77,1,5,3,9,7,13
10147,11,2025,471,26,79.51,85.29,0,3,0,3,2,31
10045,12,2025,725,36,73.61,80.79,0,0,2,2,1,40
10052,3,2025,319,10,76.39,96.31,1,1,1,3,2,10
10167,10,2026,804,46,73.44,89.22,1,0,4,5,3,33
10009,11,2026,655,109,80.91,121.87,1,0,2,3,2,117
10073,11,2024,689,7,95.3,143.33,2,0,1,3,3,11
10081,8,2024,768,4,92.73,128.9,2,1,0,3,2,2
10111,4,2024,146,6,82.42,88.16,0,0,2,2,1,3
10027,6,2027,268,4,73.02,107.89,2,0,2,4,4,2
10075,12,2024,735,5,87.89,114.91,1,1,1,3,2,5
10007,11,2025,303,51,115.09,153.39,3,8,0,11,6,30
10132,7,2025,662,43,79.65,106.21,1,0,0,1,1,72
10165,1,2025,864,63,88.97,108.73,1,1,0,2,2,83
10090,10,2025,422,15,119.02,133.9,1,0,0,1,0,12
10143,6,2024,727,25,95.55,141.01,0,0,1,1,1,18
10024,7,2026,549,216,81.08,118.44,4,0,0,4,4,210
10099,9,2025,532,17,94.49,102.84,0,0,0,0,0,25
10005,6,2027,184,16,103.22,124.85,1,6,0,7,5,20
10124,6,2024,177,11,94.91,112.25,1,8,0,9,6,5
10125,1,2024,862,17,43.92,65.07,0,0,5,5,4,21
10083,11,2026,131,51,98.81,129.19,1,3,2,6,6,44
10115,7,2027,399,38,99.72,115.18,0,4,1,5,2,40
10055,3,2027,145,9,115.32,139.81,2,3,3,8,4,8
10119,1,2025,887,9,111.25,153.49,2,0,2,4,3,8
10087,10,2024,809,6,71.08,105.12,2,0,1,3,2,8
10047,8,2025,278,3,127.59,178.15,1,0,0,1,1,3
10152,5,2026,639,5,107.26,155.68,1,5,3,9,5,5
10105,12,2024,301,9,117.99,129.43,2,5,0,7,6,7
10008,1,2025,140,29,107.09,131.48,4,6,0,10,6,36
10019,3,2026,488,30,88.16,103.1,0,0,4,4,2,23
10158,6,2026,277,16,93.48,97.91,3,0,0,3,2,10
10168,1,2025,102,225,94.98,134.78,9,11,0,20,11,366
10027,10,2027,268,4,94.09,130.91,0,0,1,1,1,1
10009,9,2025,655,209,84.14,103.65,2,0,3,5,2,133
10008,12,2025,140,47,77.32,114.77,1,0,0,1,1,44
10093,5,2025,510,12,69.53,83.64,0,2,0,2,1,14
10158,3,2028,277,11,85.17,103.41,2,0,0,2,1,12
10146,1,2024,105,5,75.74,103.71,0,2,0,2,2,9
10076,2,2026,327,41,92.33,108.67,0,1,0,1,1,37
10051,4,2028,536,21,94.08,98.15,2,1,1,4,3,22
10094,11,2025,257,13,85.36,96.59,1,0,0,1,1,10
10125,7,2027,862,11,78.23,85.7,0,1,0,1,1,4
10061,5,2025,854,163,102.0,128.05,3,11,4,18,8,81
10166,8,2024,134,5,84.59,100.45,0,1,1,2,1,10
10106,2,2024,697,8,89.1,125.7,3,0,1,4,3,5
10167,8,2024,804,61,78.31,114.88,0,0,1,1,1,58
10063,10,2026,605,9,87.47,110.68,0,0,1,1,1,10
10051,9,2026,536,56,88.1,92.93,0,2,0,2,1,35
10122,8,2026,593,11,81.51,98.34,3,2,0,5,2,12
10157,8,2025,786,4,73.75,108.9,0,4,0,4,3,11
10076,11,2024,327,30,102.51,136.76,1,4,3,8,5,42
10027,2,2025,268,7,129.31,150.82,1,2,0,3,2,8
10052,5,2024,319,4,108.61,122.97,1,1,1,3,1,7
10166,11,2025,134,7,88.76,120.53,2,2,2,6,3,4
10094,6,2026,257,13,85.44,103.62,0,0,0,0,0,11
10098,2,2025,238,66,94.91,139.7,2,1,2,5,2,75
10057,7,2027,274,18,87.27,123.09,0,0,2,2,2,16
10134,9,2024,124,4,68.78,101.35,0,0,1,1,1,1
10078,10,2024,555,45,78.65,116.62,1,2,4,7,6,71
10095,9,2025,270,14,78.66,102.39,0,0,0,0,0,11
10127,5,2026,510,17,89.47,124.66,0,1,0,1,1,16
10093,5,2026,510,11,94.46,139.18,0,3,1,4,3,15
10077,7,2026,219,293,85.06,115.49,3,2,0,5,3,165
10098,11,2025,238,153,98.1,132.99,6,5,16,27,22,152
10150,8,2024,534,36,104.09,120.91,2,2,0,4,3,27
10112,9,2024,434,10,76.66,91.22,0,0,2,2,1,8
10107,7,2025,885,19,117.74,147.05,3,3,3,9,6,26
10141,7,2026,910,18,104.74,118.22,2,1,1,4,2,23
10144,11,2025,189,22,57.48,91.17,0,5,5,10,4,24
10087,10,2025,809,10,88.13,107.21,0,3,0,3,2,17
10081,9,2024,768,4,87.3,91.54,0,1,1,2,1,7
10059,1,2025,918,19,99.1,122.1,0,0,0,0,0,26
10089,5,2024,840,4,76.96,81.58,0,2,0,2,1,4
10087,12,2025,809,11,83.79,102.17,1,0,0,1,1,18
10154,10,2024,199,75,107.87,131.74,2,6,0,8,5,67
10045,12,2026,725,20,95.09,113.31,1,2,4,7,5,28
10150,6,2024,534,53,85.88,128.25,1,2,0,3,1,55
10048,3,2024,655,50,78.01,119.07,0,0,0,0,0,67
10039,2,2025,691,48,102.5,141.95,3,5,2,10,7,83
10121,7,2025,305,380,97.64,144.99,27,1,0,28,15,341
10003,10,2026,290,141,95.31,132.24,1,0,0,1,1,178
10002,4,2025,847,6,64.12,83.23,0,1,1,2,1,1
10057,4,2024,274,23,127.34,155.22,1,9,0,10,7,37
10021,11,2025,164,373,86.7,101.46,4,0,0,4,2,307
10023,6,2024,159,28,117.97,142.37,1,7,1,9,4,30
10065,4,2027,518,252,94.95,133.85,17,3,2,22,18,268
10098,7,2025,238,101,88.83,123.43,2,0,0,2,1,110
10023,7,2024,159,31,80.14,101.77,2,0,0,2,2,25
10108,10,2025,647,10,80.66,118.24,0,5,3,8,7,6
10017,1,2027,559,53,126.05,147.62,6,24,0,30,16,91
10159,3,2026,165,107,106.68,116.76,0,12,9,21,11,87
10046,10,2025,221,20,82.38,106.25,2,1,0,3,2,19
10088,12,2025,535,3,118.33,131.18,1,0,1,2,2,7
10116,6,2027,631,19,89.45,125.27,0,2,0,2,2,8
10007,12,2024,303,40,101.83,148.8,0,4,3,7,5,29
10072,3,2027,859,55,81.93,116.48,1,2,0,3,2,56
10086,12,2025,139,16,112.62,122.85,3,2,2,7,6,9
10166,6,2024,134,6,42.6,77.95,2,6,5,13,6,6
10090,3,2025,422,12,103.38,144.64,0,3,0,3,2,13
10158,12,2027,277,7,86.37,110.56,2,0,0,2,1,12
10140,5,2027,672,122,77.58,115.54,1,0,0,1,1,155
10097,12,2025,544,4,92.48,121.05,0,3,1,4,2,6
10022,4,2026,626,16,84.44,110.34,0,1,0,1,1,25
10155,8,2025,426,44,94.94,127.19,0,2,0,2,1,58
10168,6,2025,102,259,98.45,128.29,13,14,0,27,19,287
10014,2,2026,128,16,101.23,127.45,0,2,3,5,3,19
10148,9,2025,491,49,99.34,114.72,0,6,0,6,4,50
10137,4,2026,630,139,101.22,110.03,0,9,2,11,8,119
10162,10,2024,863,14,111.25,126.04,2,0,2,4,2,13
10142,3,2026,918,4,83.7,88.64,0,1,1,2,2,3
10169,12,2024,425,23,93.69,113.67,0,0,0,0,0,17
10058,8,2024,304,105,62.29,67.87,0,0,23,23,14,77
10084,5,2025,607,12,102.38,141.24,0,2,2,4,3,20
10168,10,2024,102,176,105.05,130.67,3,28,0,31,21,245
10137,5,2025,630,144,95.54,136.32,1,0,2,3,3,176
10159,10,2025,165,120,92.06,122.83,3,1,0,4,3,146
10156,3,2024,175,12,71.96,110.11,3,1,2,6,4,9
10086,1,2025,139,9,102.54,137.76,2,1,0,3,2,13
10096,6,2026,592,8,96.52,113.4,0,1,1,2,1,8
10008,5,2025,140,51,98.65,136.06,3,2,0,5,4,84
10018,1,2025,175,220,93.21,108.97,0,2,4,6,4,270
10089,2,2026,840,8,61.12,84.7,0,1,0,1,0,10
10140,7,2026,672,120,94.52,112.76,0,1,6,7,5,105
10027,1,2025,268,6,117.07,155.29,0,0,1,1,1,10
10146,1,2026,105,9,129.26,159.39,0,6,0,6,4,11
10063,5,2025,605,5,91.61,110.73,0,0,0,0,0,5
10125,4,2024,862,15,73.15,103.26,0,1,1,2,2,22
10087,12,2024,809,8,113.08,127.0,0,2,2,4,3,12
10099,10,2027,532,3,114.44,133.67,0,1,0,1,1,2
10159,9,2024,165,126,103.51,127.86,5,10,1,16,12,99
10026,3,2025,115,7,78.74,121.42,3,1,0,4,3,7
10000,8,2025,605,26,120.82,140.91,2,11,0,13,10,10
10028,6,2025,164,5,83.03,91.44,0,0,0,0,0,7
10151,8,2024,99,90,80.06,93.16,0,1,0,1,1,45
10124,9,2024,177,7,89.26,121.86,0,4,1,5,4,12
10114,7,2024,649,10,75.3,79.78,0,0,0,0,0,4
10096,12,2024,592,9,95.84,116.49,0,1,0,1,1,2
10168,2,2025,102,279,114.35,152.4,29,43,0,72,34,380
10074,2,2025,717,26,92.16,118.1,0,0,0,0,0,42
10166,11,2024,134,7,80.62,87.86,0,0,0,0,0,6
10116,3,2025,631,18,109.59,129.49,0,8,0,8,7,19
10116,11,2024,631,12,78.77,92.58,1,0,0,1,1,18
10050,1,2025,750,116,124.93,163.18,11,54,4,69,46,165
10109,7,2026,200,9,52.97,93.33,0,0,4,4,2,5
10040,10,2024,729,4,104.79,142.4,0,0,2,2,1,1
10147,2,2026,471,22,97.07,104.59,0,0,0,0,0,22
10032,7,2025,410,301,85.25,126.84,13,0,0,13,7,218
10107,7,2026,885,25,99.44,106.23,0,1,0,1,1,35
10070,6,2024,469,9,95.68,114.15,2,1,1,4,3,12
10098,4,2025,238,97,101.07,128.46,4,10,0,14,6,93
10041,11,2024,327,9,90.07,99.1,0,2,2,4,2,15
10062,11,2024,286,5,97.59,118.31,0,0,0,0,0,4
10086,1,2027,139,14,125.5,169.52,2,5,0,7,3,17
10116,1,2026,631,13,114.83,131.65,0,5,0,5,4,8
10017,7,2026,559,134,73.89,89.27,2,2,3,7,6,82
10030,11,2025,243,36,108.79,148.48,4,4,0,8,6,30
10069,9,2024,570,60,74.87,89.91,0,3,3,6,5,65
10003,5,2024,290,52,75.4,108.04,0,0,1,1,0,47
10145,6,2025,863,13,79.7,119.67,1,0,1,2,1,16
10150,3,2026,534,46,90.63,107.36,0,0,0,0,0,32
10063,3,2025,605,4,110.03,139.42,0,0,0,0,0,3
10134,12,2025,124,2,92.8,110.56,0,2,0,2,1,6
10056,7,2025,414,78,79.81,120.11,1,0,0,1,0,67
10070,9,2025,469,7,95.89,106.79,0,1,0,1,1,3
10139,6,2026,498,113,89.47,101.59,1,1,0,2,2,45
10003,7,2027,290,158,61.63,91.52,1,11,31,43,30,195
10059,6,2026,918,21,91.28,128.25,0,0,1,1,1,12
10084,11,2024,607,10,77.87,119.37,0,2,0,2,1,10
10106,9,2024,697,4,145.53,188.54,0,4,2,6,4,6
10005,5,2026,184,22,96.81,134.42,3,0,3,6,5,13
10079,8,2025,706,13,86.65,113.95,1,0,0,1,1,12
10014,9,2026,128,14,96.73,121.81,0,0,1,1,1,9
10128,3,2025,746,242,103.66,113.71,0,18,0,18,9,200
10127,8,2025,510,15,90.63,97.49,0,1,0,1,1,15
10122,7,2025,593,10,84.15,102.57,1,0,1,2,2,8
10050,2,2024,750,172,84.71,90.44,0,5,0,5,2,88
10076,10,2024,327,36,75.36,89.33,1,0,0,1,1,20
10129,9,2024,339,6,139.53,188.77,2,3,0,5,3,9
10086,4,2025,139,10,122.75,173.2,0,3,2,5,4,9
10118,12,2025,692,24,62.75,74.88,0,1,4,5,4,25
10028,11,2024,164,5,95.12,116.26,0,0,0,0,0,1
10165,5,2025,864,58,88.97,124.99,0,2,2,4,2,54
10064,6,2026,340,10,97.45,140.63,0,0,0,0,0,11
10120,2,2026,378,10,126.87,148.65,0,8,0,8,6,9
10077,10,2025,219,380,108.81,132.52,19,53,0,72,65,380
10047,3,2024,278,2,99.97,144.62,0,0,2,2,2,1
10000,1,2026,605,30,92.34,119.8,0,0,0,0,0,21
10001,2,2026,682,7,105.7,133.26,0,0,0,0,0,8
10019,4,2025,488,17,109.0,136.8,3,2,0,5,4,12
10119,7,2024,887,9,92.72,117.87,0,4,0,4,3,5
10000,11,2024,605,14,88.9,106.67,1,0,0,1,1,17
10005,9,2024,184,10,73.56,108.5,0,0,0,0,0,8
10166,7,2025,134,4,95.26,118.35,0,0,1,1,1,1
10160,1,2026,592,44,128.32,154.11,2,7,1,10,8,47
10032,1,2025,410,224,73.61,101.89,0,3,8,11,6,134
10105,2,2027,301,8,84.67,93.66,2,2,0,4,3,8
10103,2,2028,561,1,72.65,99.43,1,1,1,3,1,1
10111,8,2025,146,10,59.05,76.27,0,1,1,2,1,5
10084,3,2027,607,9,93.74,103.16,0,2,0,2,1,8
10107,6,2027,885,20,80.44,100.2,1,0,0,1,1,15
10107,8,2024,885,9,106.89,138.86,1,3,0,4,4,13
10156,2,2025,175,10,96.43,120.07,2,0,1,3,2,14
10099,5,2027,532,8,124.72,165.65,1,8,0,9,5,4
10165,9,2025,864,44,102.2,128.16,1,1,1,3,1,34
10141,1,2026,910,21,101.91,125.59,2,0,1,3,1,21
10053,4,2026,224,19,105.19,138.45,1,3,1,5,4,21
10075,12,2025,735,7,112.79,130.85,1,0,0,1,1,10
10102,8,2024,654,5,74.64,80.63,0,0,1,1,1,7
10086,10,2027,139,10,90.39,116.61,0,0,0,0,0,8
10015,12,2025,454,23,80.46,103.51,1,0,3,4,3,10
10005,5,2025,184,21,88.82,119.33,2,1,0,3,2,15
10088,4,2026,535,4,69.41,97.27,2,1,4,7,4,3
10050,5,2024,750,101,88.36,106.23,0,1,2,3,3,60
10163,3,2025,782,9,94.62,100.38,0,0,0,0,0,9
10001,4,2026,682,7,96.75,135.84,1,4,1,6,4,9
10058,9,2026,304,131,80.83,98.06,0,0,1,1,1,132
10143,9,2024,727,36,75.94,111.95,0,0,0,0,0,39
10067,10,2024,683,45,95.55,141.96,2,0,0,2,1,41
10122,1,2025,593,4,158.0,190.0,0,0,2,2,2,5
10054,5,2024,871,135,82.17,97.51,1,0,2,3,2,96
10161,3,2025,614,10,84.42,95.76,2,0,0,2,1,8
10132,7,2026,662,63,96.49,111.87,1,0,0,1,1,59
10144,12,2024,189,17,67.59,82.0,0,4,1,5,4,8
10065,1,2027,518,210,107.1,147.87,12,29,0,41,23,370
10083,2,2025,131,64,61.22,93.82,0,1,20,21,19,80
10003,12,2024,290,60,121.44,136.05,1,27,0,28,21,48
10015,8,2026,454,23,82.84,116.53,0,2,2,4,2,15
10080,8,2024,639,151,110.96,142.86,12,38,0,50,31,219
10075,10,2026,735,5,72.99,77.49,0,0,0,0,0,7
10104,4,2025,249,31,102.72,134.26,2,6,0,8,6,47
10085,3,2024,297,5,92.44,132.85,0,0,0,0,0,5
10059,10,2024,918,24,69.42,95.49,0,0,3,3,2,41
10149,6,2026,722,37,79.45,93.2,0,0,3,3,2,24
10012,4,2025,423,10,85.53,119.26,0,1,0,1,1,8
10023,11,2024,159,48,89.87,109.71,3,0,0,3,2,47
10009,8,2026,655,143,67.1,77.94,2,3,13,18,12,106
10067,7,2026,683,66,118.13,168.01,8,14,0,22,12,80
10126,10,2024,565,3,92.39,105.2,1,0,3,4,2,2
10119,4,2025,887,9,99.8,113.21,0,2,0,2,1,6
10123,7,2026,194,10,94.65,116.47,0,3,0,3,3,4
10007,5,2026,303,76,61.73,66.63,0,3,9,12,7,131
10169,5,2026,425,19,87.94,100.3,1,0,0,1,0,20
10093,1,2025,510,9,108.42,133.5,0,2,0,2,1,8
10055,12,2027,145,9,88.21,102.95,1,0,1,2,1,7
10166,12,2024,134,7,62.42,68.8,0,1,0,1,1,4
10065,11,2027,518,203,71.65,107.32,0,0,13,13,7,208
10040,1,2025,729,6,86.95,112.35,0,0,0,0,0,8
10129,6,2024,339,9,105.41,142.74,0,2,1,3,2,6
10125,8,2025,862,21,96.26,127.8,1,0,0,1,1,19
10067,12,2026,683,36,124.63,157.62,3,5,2,10,5,53
10026,2,2024,115,6,108.65,143.62,0,2,0,2,1,7
10100,6,2025,850,11,119.59,151.0,1,3,0,4,3,9
10009,2,2025,655,140,93.43,132.72,7,2,1,10,6,174
10126,12,2024,565,2,96.86,107.31,0,0,0,0,0,2
10100,12,2024,850,10,105.58,137.01,1,4,0,5,4,13
10061,9,2024,854,97,98.17,121.48,5,2,4,11,9,97
10130,6,2026,655,13,83.63,117.78,0,3,3,6,5,6
10079,8,2026,706,17,61.75,91.18,0,6,2,8,5,14
10164,5,2027,498,48,84.1,121.52,0,3,0,3,2,1
10045,3,2027,725,23,78.96,94.46,0,6,2,8,6,23
10138,11,2024,592,18,111.62,138.46,2,7,3,12,7,23
10140,4,2025,672,84,93.11,106.33,0,0,4,4,2,122
10009,6,2025,655,184,84.87,112.28,0,0,2,2,2,277
10103,1,2027,561,1,136.21,165.91,1,0,0,1,0,2
10162,5,2024,863,16,56.67,64.03,0,0,1,1,1,10
10166,3,2024,134,3,78.56,94.65,2,2,0,4,3,1
10040,8,2025,729,7,113.13,152.95,1,0,0,1,1,6
10025,4,2026,621,61,104.59,130.91,3,3,0,6,3,66
10113,10,2026,309,4,72.76,111.96,0,0,2,2,2,1
10026,10,2025,115,7,89.33,100.21,0,0,0,0,0,2
10155,3,2026,426,56,120.5,171.48,8,11,1,20,16,109
10023,6,2025,159,61,101.74,138.27,4,1,2,7,6,44
10164,4,2024,498,31,73.81,84.87,0,1,0,1,1,26
10138,1,2026,592,25,88.78,123.71,1,0,0,1,1,42
10078,10,2025,555,53,66.77,93.1,0,0,11,11,5,67
10026,5,2025,115,8,85.72,95.75,0,0,0,0,0,10
10123,7,2025,194,12,99.02,131.55,1,1,0,2,1,14
10003,3,2027,290,156,61.77,89.41,1,0,12,13,6,182
10126,12,2025,565,2,78.54,114.46,1,0,2,3,2,11
10115,2,2025,399,26,82.01,100.0,0,5,0,5,3,36
10160,12,2026,592,35,104.07,130.38,2,6,0,8,5,20
10089,7,2024,840,6,92.89,130.06,0,1,2,3,1,5
10089,1,2026,840,5,52.94,78.21,0,2,3,5,3,5
10140,9,2026,672,125,94.0,105.07,0,0,0,0,0,34
10043,5,2024,187,11,73.93,95.41,0,0,1,1,1,12
10062,2,2025,286,5,80.77,108.63,0,0,0,0,0,9
10048,6,2027,655,90,92.98,114.44,10,1,3,14,11,71
10060,6,2025,192,24,106.85,115.74,2,5,0,7,3,27
10128,8,2024,746,286,95.63,130.31,10,0,3,13,10,362
10080,12,2026,639,109,92.75,121.9,3,0,9,12,9,73
10090,11,2026,422,16,111.55,134.55,1,6,1,8,7,8
10041,10,2024,327,9,107.69,148.04,0,2,1,3,2,11
10122,9,2025,593,10,100.98,143.17,1,0,0,1,1,18
10078,4,2025,555,44,115.23,152.26,6,15,0,21,19,56
10142,11,2025,918,5,64.86,84.73,0,4,0,4,3,10
10005,6,2026,184,24,90.5,126.51,1,1,0,2,1,22
10066,2,2026,132,61,91.79,105.47,6,0,0,6,4,56
10099,2,2027,532,5,158.0,190.0,0,0,0,0,0,2
10098,6,2026,238,174,94.61,116.54,0,0,0,0,0,67
10074,5,2025,717,31,85.81,114.88,1,3,0,4,3,9
10100,4,2024,850,12,102.03,143.64,3,3,0,6,5,6
10099,2,2026,532,9,85.26,113.38,0,0,0,0,0,10
10060,3,2024,192,18,87.52,96.45,0,0,0,0,0,18
10037,3,2026,273,6,103.98,141.3,0,0,0,0,0,8
10156,12,2025,175,6,92.12,105.78,0,1,0,1,0,9
10084,6,2026,607,11,84.74,114.03,0,0,0,0,0,17
10088,8,2026,535,2,109.52,124.55,0,0,0,0,0,7
10144,5,2025,189,22,91.8,101.02,2,0,0,2,2,22
10023,1,2025,159,48,86.75,125.63,1,2,0,3,2,76
10108,10,2024,647,9,86.83,128.26,0,0,2,2,2,9
10031,11,2024,881,57,87.07,118.97,0,3,0,3,2,53
10164,4,2027,498,46,84.05,102.87,0,0,0,0,0,39
10091,8,2024,140,20,73.92,92.47,3,2,3,8,6,13
10022,12,2024,626,11,91.76,137.37,2,1,0,3,2,16
10109,9,2025,200,12,98.89,128.95,2,0,0,2,2,25
10140,4,2027,672,159,86.14,103.42,0,1,4,5,4,142
10070,7,2025,469,7,69.54,74.21,0,2,0,2,1,2
10076,2,2025,327,47,96.02,126.44,7,1,3,11,6,35
10115,2,2026,399,36,127.43,167.05,3,10,3,16,15,32
10009,11,2024,655,167,57.87,83.5,0,0,20,20,12,74
10041,12,2025,327,8,84.42,120.1,0,0,0,0,0,4
10104,8,2024,249,23,78.3,94.74,0,0,0,0,0,15
10050,3,2025,750,155,109.11,149.53,14,12,0,26,12,136
10025,6,2025,621,41,94.81,138.22,2,1,3,6,5,29
10098,1,2026,238,100,106.91,144.4,10,13,3,26,20,186
10047,9,2025,278,5,115.24,155.29,0,3,1,4,2,3
10162,5,2026,863,23,73.53,107.37,0,0,1,1,1,17
10155,9,2026,426,41,82.56,104.63,0,3,1,4,3,48
10129,9,2025,339,8,126.47,155.22,2,4,2,8,4,7
10169,5,2024,425,28,81.83,101.16,0,0,1,1,1,34
10089,4,2026,840,7,81.31,103.04,2,4,0,6,3,10
10149,10,2025,722,43,84.36,107.76,0,0,0,0,0,42
10103,7,2026,561,1,108.39,134.29,0,1,0,1,1,1
10008,9,2025,140,46,96.47,137.9,3,3,1,7,6,26
10125,2,2024,862,15,71.61,94.82,0,1,0,1,1,9
10083,10,2026,131,49,102.52,142.58,4,5,0,9,8,49
10077,4,2026,219,327,92.26,98.39,0,3,1,4,4,115
10139,7,2024,498,42,85.86,115.56,0,0,1,1,1,60
10086,2,2026,139,14,110.66,139.49,0,2,0,2,1,12
10051,2,2025,536,45,85.31,102.98,0,0,0,0,0,34
10152,7,2027,639,2,122.82,152.04,1,0,0,1,1,3
10037,7,2025,273,6,89.1,116.59,2,4,0,6,5,5
10051,3,2028,536,25,67.45,90.3,0,3,1,4,3,25
10169,10,2024,425,21,99.17,127.84,3,3,1,7,5,20
10151,4,2025,99,161,96.56,115.94,4,0,3,7,6,135
10118,12,2024,692,15,54.42,78.28,0,0,7,7,4,27
10163,6,2026,782,7,96.02,134.62,0,5,0,5,3,5
10126,8,2026,565,6,51.23,56.62,0,0,0,0,0,9
10150,3,2025,534,38,102.62,145.21,2,2,2,6,4,56
10007,2,2025,303,41,74.95,102.17,2,4,6,12,9,25
10035,5,2025,335,12,88.39,120.19,1,0,1,2,1,16
10106,5,2025,697,6,97.0,135.85,0,5,0,5,4,6
10077,6,2027,219,272,77.12,107.9,0,5,1,6,5,221
10009,9,2026,655,129,98.95,135.52,2,6,1,9,6,120
10086,5,2024,139,14,75.3,113.2,1,2,2,5,2,13
10041,8,2025,327,9,104.45,146.35,1,0,0,1,1,9
10125,1,2025,862,21,80.63,120.54,1,0,3,4,2,31
10115,6,2027,399,41,140.57,158.54,4,13,1,18,8,52
10144,8,2025,189,26,107.63,133.51,3,5,1,9,8,34
10066,10,2024,132,81,79.15,109.02,0,4,2,6,3,118
10124,5,2026,177,8,77.89,105.36,0,1,0,1,1,3
10101,9,2024,469,18,82.91,124.45,0,2,4,6,3,9
10073,12,2024,689,7,74.2,101.73,0,0,1,1,1,12
10077,6,2025,219,299,87.3,113.61,1,4,0,5,4,380
10088,7,2024,535,2,77.38,96.37,1,0,0,1,1,7
10098,12,2025,238,140,69.89,108.07,3,0,3,6,4,98
10067,11,2025,683,80,102.46,150.08,8,4,0,12,9,36
10082,12,2024,860,63,77.97,87.04,0,1,0,1,1,105
10144,2,2024,189,15,86.35,97.73,0,4,3,7,6,11
10150,1,2026,534,44,123.19,139.27,5,13,1,19,9,12
10009,3,2026,655,177,93.86,103.67,0,1,0,1,1,131
10160,10,2026,592,43,71.96,85.28,0,0,4,4,3,40
10105,10,2024,301,11,116.1,147.93,2,3,0,5,2,8
10155,4,2025,426,59,79.35,119.07,1,0,0,1,1,48
10084,9,2026,607,14,67.51,100.44,0,2,0,2,1,19
10068,11,2024,851,52,82.55,98.09,0,0,0,0,0,52
10103,6,2025,561,3,78.86,97.02,0,1,0,1,1,3
10168,7,2025,102,279,83.93,98.04,2,0,1,3,2,301
10134,12,2026,124,3,67.85,87.12,0,2,0,2,1,3
10160,1,2027,592,26,76.9,119.98,0,0,0,0,0,27
10116,6,2024,631,15,80.57,96.39,0,5,0,5,4,11
10066,3,2026,132,72,77.79,106.16,0,0,0,0,0,67
10006,3,2024,455,37,96.61,105.93,0,2,2,4,4,56
10050,6,2025,750,171,116.45,142.66,2,26,0,28,13,93
10123,2,2027,194,4,83.2,110.9,3,0,3,6,3,4
10031,8,2026,881,133,86.51,126.61,16,0,0,16,15,119
10118,3,2026,692,25,81.28,87.12,2,2,0,4,2,29
10002,3,2026,847,5,91.87,129.67,0,0,0,0,0,6
10085,5,2026,297,4,122.75,143.21,1,4,0,5,2,1
10132,1,2027,662,29,98.67,128.49,2,1,3,6,4,21
10020,4,2026,119,61,73.29,103.36,0,2,4,6,3,50
10080,3,2025,639,174,81.25,106.18,0,0,0,0,0,162
10001,6,2025,682,8,71.42,100.74,0,3,1,4,2,10
10063,11,2026,605,10,94.51,100.97,1,2,1,4,3,10
10072,8,2025,859,94,58.85,92.82,1,0,30,31,14,116
10149,11,2025,722,46,93.61,130.85,2,0,0,2,1,27
10014,4,2026,128,16,102.52,109.39,0,1,0,1,1,13
10167,8,2026,804,52,116.62,147.54,1,17,2,20,14,42
10126,3,2027,565,3,69.06,105.6,0,3,2,5,3,1
10132,10,2024,662,37,61.72,88.63,0,4,9,13,7,26
10043,7,2024,187,7,70.19,87.52,0,2,2,4,3,8
10149,5,2026,722,41,74.12,106.5,0,2,0,2,1,36
10029,1,2026,904,39,74.5,94.25,1,0,0,1,1,22
10072,7,2026,859,90,103.26,141.66,5,3,2,10,9,104
10074,8,2025,717,23,102.4,121.87,5,2,1,8,5,16
10130,7,2024,655,6,73.87,81.18,0,0,0,0,0,11
10054,8,2025,871,194,76.13,89.41,0,0,0,0,0,117
10002,10,2024,847,1,113.08,154.75,1,0,0,1,1,1
10075,2,2025,735,8,60.28,65.86,0,0,0,0,0,8
10139,9,2025,498,101,92.42,129.42,0,3,0,3,3,144
10079,12,2025,706,18,77.19,88.44,0,1,0,1,1,20
10096,9,2026,592,6,108.24,151.79,0,2,2,4,4,7
10042,7,2027,626,17,104.12,140.33,0,7,0,7,5,9
10139,1,2025,498,62,115.22,121.46,0,7,0,7,4,97
10136,4,2024,854,81,55.67,75.18,0,0,10,10,9,48
10002,2,2026,847,5,86.26,110.8,0,3,1,4,3,10
10087,9,2027,809,7,57.07,80.36,0,0,3,3,1,6
10042,7,2026,626,17,82.44,105.17,1,1,0,2,1,20
10073,8,2024,689,6,58.75,80.28,0,2,2,4,4,9
10132,8,2026,662,68,99.59,121.7,3,1,1,5,4,101
10140,7,2025,672,81,74.64,101.06,0,0,0,0,0,76
10075,1,2027,735,8,78.52,101.47,3,3,0,6,4,5
10005,7,2026,184,23,96.03,137.58,0,0,2,2,1,19
10133,6,2024,566,60,69.05,85.49,0,0,7,7,4,69
10015,2,2024,454,14,79.69,94.03,0,0,0,0,0,12
10085,7,2025,297,7,97.36,105.14,0,0,0,0,0,11
10167,2,2027,804,35,96.78,123.56,3,0,0,3,2,41
10154,4,2026,199,121,91.63,113.11,4,2,0,6,3,87
10054,2,2026,871,165,73.19,81.49,0,5,6,11,8,239
10050,1,2026,750,172,124.07,147.33,18,80,0,98,80,118
10125,10,2027,862,8,53.85,89.28,0,3,1,4,3,12
10017,12,2025,559,157,97.68,114.92,0,1,2,3,2,155
10074,5,2026,717,32,77.7,102.05,0,2,0,2,1,28
10051,7,2026,536,57,89.19,99.67,0,0,3,3,2,46
10051,2,2026,536,48,83.44,104.19,1,0,3,4,4,48
10141,7,2025,910,17,89.54,114.53,1,0,3,4,3,14
10137,1,2026,630,159,91.79,128.78,2,0,2,4,4,170
10027,1,2027,268,8,69.37,79.66,1,0,1,2,1,8
10084,3,2025,607,13,97.51,127.41,1,0,0,1,1,14
10143,12,2025,727,45,80.28,87.05,0,3,0,3,2,52
10028,8,2024,164,1,116.82,156.63,1,1,1,3,1,1
10014,8,2026,128,13,80.93,120.54,0,0,1,1,1,19
10168,9,2025,102,279,101.22,123.7,4,8,1,13,8,231
10166,12,2025,134,5,79.67,96.42,0,0,1,1,1,5
10008,10,2024,140,26,124.7,158.59,1,5,0,6,4,42
10160,9,2025,592,51,78.42,100.29,0,2,1,3,2,95
10015,1,2026,454,25,82.67,103.19,0,1,3,4,3,19
10004,12,2027,564,37,86.26,115.29,3,0,0,3,2,36
10002,2,2027,847,2,71.01,100.79,0,1,0,1,1,4
10124,8,2026,177,7,80.28,113.52,1,0,1,2,2,6
10157,12,2027,786,2,65.57,85.46,2,0,1,3,2,5
10093,10,2026,510,18,60.81,98.19,2,2,2,6,3,14
10042,1,2027,626,13,99.66,109.57,0,0,0,0,0,11
10157,11,2026,786,3,84.04,119.79,1,2,0,3,3,5
10028,8,2025,164,4,124.24,152.04,0,4,4,8,4,5
10061,12,2024,854,119,80.55,114.19,12,0,0,12,9,177
10009,7,2027,655,81,68.66,101.58,2,0,4,6,4,54
10135,9,2024,245,6,67.86,105.6,0,0,4,4,3,3
10007,9,2026,303,51,71.34,77.64,0,0,7,7,4,72
10030,3,2025,243,22,133.49,190.0,0,12,0,12,9,23
10017,3,2025,559,137,109.8,162.05,3,14,0,17,10,180
10064,12,2024,340,6,109.87,125.7,1,2,2,5,2,8
10132,4,2025,662,41,96.08,116.05,0,1,1,2,1,64
10148,1,2025,491,47,86.33,111.37,3,2,0,5,2,42
10047,2,2027,278,2,116.78,169.67,0,2,1,3,1,1
10078,11,2026,555,51,102.8,116.43,3,0,0,3,2,42
10014,5,2026,128,17,76.22,85.19,0,2,1,3,2,15
10111,7,2025,146,7,110.54,138.27,3,0,1,4,2,10
10057,9,2024,274,30,116.67,144.07,2,5,0,7,4,27
10074,9,2024,717,32,101.56,137.7,1,6,0,7,4,20
10129,3,2026,339,4,109.56,157.49,0,0,0,0,0,1
10130,6,2024,655,7,51.35,56.14,5,7,2,14,7,2
10069,1,2026,570,77,90.2,104.63,0,1,1,2,2,52
10036,1,2026,355,6,86.26,110.53,2,0,2,4,3,3
10136,12,2024,854,76,90.58,96.43,0,4,0,4,3,134
10074,10,2025,717,30,113.86,146.95,3,3,0,6,3,15
10113,6,2025,309,1,158.0,190.0,0,0,0,0,0,1
10152,10,2026,639,3,103.43,150.49,2,0,0,2,2,1
10003,5,2025,290,89,67.1,106.17,2,3,6,11,5,152
10019,9,2025,488,17,83.43,121.19,0,0,0,0,0,25
10140,11,2024,672,77,110.45,116.79,0,7,0,7,6,81
10017,5,2024,559,106,117.84,153.81,4,31,0,35,24,92
10163,8,2026,782,7,88.35,99.04,0,2,0,2,1,10
10055,10,2024,145,19,72.3,106.92,0,0,5,5,3,20
10131,5,2025,446,12,86.65,105.34,0,0,0,0,0,13
10118,6,2025,692,24,85.29,123.37,2,0,2,4,2,22
10111,5,2025,146,6,100.46,134.04,0,0,2,2,1,10
10019,5,2027,488,19,71.94,85.88,0,0,2,2,2,20
10029,1,2027,904,32,76.98,83.63,0,2,0,2,1,31
10167,6,2025,804,53,128.67,166.3,4,24,1,29,25,80
10048,7,2026,655,97,76.18,93.53,0,0,1,1,1,144
10029,12,2025,904,33,80.34,99.28,1,0,0,1,0,33
10080,3,2026,639,279,69.12,83.01,2,1,28,31,14,305
10024,9,2026,549,215,59.29,95.13,0,0,55,55,35,185
10082,12,2025,860,113,96.41,107.09,1,0,0,1,1,112
10112,2,2025,434,14,93.3,121.87,0,2,1,3,2,18
10067,1,2026,683,65,94.63,140.48,4,0,1,5,3,47
10087,2,2026,809,12,85.96,111.7,0,0,0,0,0,9
10095,8,2025,270,16,75.97,109.25,0,0,1,1,1,12
10120,5,2025,378,14,105.64,146.26,1,0,0,1,1,13
10093,3,2025,510,14,51.95,80.85,0,1,8,9,6,12
10080,1,2024,639,244,65.36,91.38,0,0,33,33,18,93
10105,7,2025,301,10,89.69,97.04,0,1,1,2,1,13
10074,2,2026,717,38,92.25,108.34,0,2,0,2,1,38
10012,1,2025,423,8,87.16,96.96,0,5,2,7,4,11
10132,6,2027,662,46,98.37,142.36,1,0,0,1,1,52
10013,7,2026,838,11,80.79,112.76,0,0,3,3,2,7
10075,5,2024,735,3,88.01,126.5,1,3,2,6,3,4
10117,2,2026,484,22,109.46,122.22,4,0,2,6,4,2
10045,11,2026,725,28,105.98,142.28,5,1,0,6,5,15
10138,1,2025,592,21,85.71,93.99,0,1,1,2,1,15
10093,10,2027,510,12,66.97,105.22,2,0,3,5,3,15
10107,3,2024,885,10,75.27,98.85,1,0,2,3,3,13
10158,4,2027,277,12,96.12,128.1,4,0,1,5,4,15
10063,2,2025,605,4,108.2,124.47,0,1,2,3,2,6
10090,12,2024,422,7,89.26,129.56,0,0,1,1,1,7
10007,7,2025,303,61,98.75,119.55,3,2,0,5,4,62
10127,4,2025,510,20,92.11,98.2,4,0,3,7,4,16
10001,1,2026,682,5,128.84,185.64,3,5,0,8,4,8
10019,8,2025,488,18,95.76,104.12,0,0,0,0,0,20
10008,4,2025,140,46,78.83,88.78,0,0,2,2,2,52
10135,10,2024,245,4,74.85,96.91,0,0,0,0,0,4
10027,12,2024,268,7,93.24,104.54,2,1,1,4,2,6
10066,7,2025,132,97,90.51,120.05,2,0,0,2,1,108
10103,7,2027,561,3,68.01,109.68,0,0,1,1,1,1
10057,11,2024,274,20,133.97,166.75,1,6,0,7,4,27
10025,5,2025,621,37,86.14,131.27,2,0,2,4,3,47
10055,10,2025,145,17,111.58,151.21,1,0,1,2,1,10
10046,2,2025,221,19,84.96,117.75,2,2,1,5,4,26
10071,9,2024,540,20,110.51,119.41,3,3,0,6,5,19
10169,11,2024,425,20,58.04,94.48,0,0,3,3,2,31
10018,4,2026,175,171,82.69,93.53,1,3,0,4,2,228
10163,11,2026,782,9,55.31,90.61,0,2,2,4,2,7
10084,9,2024,607,7,93.75,143.42,0,5,4,9,7,10
10041,2,2025,327,8,101.78,140.12,1,2,1,4,2,16
10143,3,2024,727,26,87.18,121.64,0,2,0,2,2,14
10065,10,2024,518,178,81.9,116.73,3,3,3,9,8,202
10139,12,2024,498,59,64.87,96.4,0,1,6,7,6,93
10134,1,2025,124,3,59.53,77.26,0,2,2,4,2,1
10037,11,2024,273,4,81.15,113.23,2,3,0,5,4,1
10129,10,2024,339,10,96.61,109.46,1,3,4,8,4,14
10106,11,2025,697,6,93.72,124.64,1,1,0,2,2,7
10105,9,2024,301,9,81.4,109.0,0,2,2,4,2,8
10051,8,2025,536,60,75.92,98.08,0,0,0,0,0,80
10126,4,2027,565,2,79.65,111.55,1,2,2,5,2,6
10143,9,2025,727,38,100.45,146.32,2,4,1,7,5,51
10017,9,2025,559,153,100.09,129.34,2,7,5,14,10,71
10099,6,2026,532,10,99.76,136.7,0,1,0,1,1,17
10001,5,2025,682,9,95.82,127.6,1,6,1,8,3,9
10141,12,2026,910,25,114.56,122.42,0,1,2,3,2,21
10117,10,2026,484,15,117.8,152.88,0,8,2,10,9,11
10153,12,2024,93,12,90.47,125.16,0,0,4,4,3,11
10102,10,2025,654,6,78.93,86.16,0,0,4,4,2,12
10158,9,2025,277,13,66.12,98.45,0,0,3,3,2,20
10058,8,2025,304,181,99.74,106.62,1,14,0,15,10,125
10065,11,2024,518,187,96.76,124.83,6,0,1,7,5,121
10123,2,2026,194,9,68.7,109.2,0,0,2,2,1,10
10112,2,2026,434,14,89.84,106.57,0,2,1,3,2,10
10042,4,2025,626,10,117.98,137.38,1,0,1,2,2,9
10085,11,2025,297,6,82.82,121.59,3,1,0,4,2,8
10038,1,2026,221,10,92.93,120.95,3,1,2,6,3,4
10016,4,2025,101,380,89.55,130.16,5,0,2,7,3,380
10168,5,2024,102,113,103.89,122.28,0,2,0,2,2,139
10124,11,2027,177,2,101.8,158.98,2,0,0,2,1,1
10124,4,2027,177,5,104.05,127.0,0,0,0,0,0,9
10029,10,2025,904,37,97.91,108.76,0,2,0,2,1,40
10110,7,2024,675,11,108.34,143.11,2,6,3,11,5,10
10053,3,2025,224,18,81.0,107.14,0,5,0,5,2,11
10010,1,2026,809,5,66.18,99.93,0,0,2,2,2,1
10057,4,2025,274,26,113.61,148.58,4,3,1,8,6,45
10105,6,2026,301,11,116.75,137.28,1,2,0,3,2,8
10043,1,2026,187,10,95.92,116.54,0,0,0,0,0,2
10078,7,2025,555,50,103.03,141.65,3,4,1,8,3,46
10086,6,2026,139,14,101.7,128.43,1,5,0,6,3,16
10005,4,2027,184,13,86.05,113.88,1,0,0,1,1,19
10105,4,2025,301,13,98.84,125.36,1,0,0,1,1,12
10080,7,2024,639,152,80.74,118.99,4,2,8,14,6,185
10156,5,2025,175,12,106.38,128.64,0,2,0,2,1,10
10010,11,2025,809,5,74.7,98.0,2,0,4,6,4,6
10131,10,2024,446,7,72.47,108.87,1,0,1,2,2,6
10148,10,2024,491,52,79.99,84.03,0,0,1,1,0,42
10011,10,2024,866,39,94.61,129.45,1,0,0,1,1,42
10168,3,2027,102,162,88.86,98.69,0,0,8,8,6,241
10041,5,2024,327,9,51.77,88.29,0,0,4,4,3,10
10139,11,2025,498,111,93.24,133.92,0,1,0,1,1,93
10107,4,2025,885,13,111.18,137.98,0,1,4,5,4,14
10075,5,2026,735,6,83.48,94.52,1,0,0,1,1,8
10138,11,2025,592,28,83.47,124.66,0,5,0,5,3,24
10039,6,2026,691,76,110.3,141.9,5,10,0,15,10,54
10044,3,2025,187,16,65.11,88.97,0,0,0,0,0,10
10012,6,2025,423,7,78.58,121.95,0,2,0,2,1,10
10062,7,2025,286,4,95.59,134.49,1,0,3,4,2,5
10163,1,2026,782,8,94.83,106.42,0,3,3,6,4,5
10123,6,2025,194,11,77.16,100.58,2,0,0,2,1,19
10082,11,2024,860,57,102.23,140.92,4,4,1,9,7,36
10134,10,2024,124,3,105.68,136.97,3,0,0,3,2,3
10146,3,2026,105,10,83.64,116.56,1,2,0,3,1,7
10117,8,2026,484,23,81.03,114.29,0,2,0,2,1,17
10158,2,2028,277,8,89.74,98.68,0,1,1,2,2,18
10019,1,2025,488,15,62.04,94.53,0,1,4,5,4,14
10037,7,2026,273,4,90.48,95.78,0,0,0,0,0,1
10149,1,2027,722,22,106.7,112.23,0,5,0,5,4,13
10095,4,2026,270,19,95.74,129.36,0,1,0,1,1,12
10158,11,2024,277,10,90.37,100.25,2,0,0,2,1,6
10041,7,2024,327,10,56.16,89.7,1,0,4,5,3,9
10013,6,2026,838,14,86.1,94.6,0,0,4,4,2,3
10023,2,2026,159,35,59.63,94.0,1,0,9,10,8,29
10052,8,2024,319,6,88.46,111.1,0,1,3,4,3,10
10095,2,2027,270,10,73.78,114.76,0,1,3,4,2,9
10024,5,2026,549,272,74.57,81.1,1,0,2,3,3,242
10113,1,2026,309,5,92.21,128.91,1,1,0,2,1,5
10005,11,2026,184,21,58.0,84.58,0,0,7,7,5,20
10144,10,2024,189,13,90.61,113.21,0,0,0,0,0,19
10033,4,2025,95,12,125.56,173.31,3,5,1,9,8,10
10130,5,2024,655,4,53.27,88.92,0,1,4,5,3,5
10137,9,2024,630,120,79.82,109.25,0,2,0,2,1,109
10050,12,2025,750,198,101.69,110.32,1,3,0,4,2,125
10164,12,2024,498,29,98.18,122.92,0,0,0,0,0,46
10164,1,2026,498,52,90.97,121.88,0,0,1,1,1,72
10068,12,2026,851,80,104.2,126.22,1,9,0,10,4,87
10073,10,2024,689,7,60.45,89.71,3,2,4,9,4,8
10117,5,2024,484,11,87.72,104.36,1,1,0,2,1,11
10103,1,2025,561,1,106.99,160.48,1,0,1,2,1,8
10157,10,2027,786,3,58.15,82.94,0,0,1,1,1,2
10122,10,2024,593,8,101.67,128.71,1,1,1,3,2,8
10063,4,2027,605,5,79.22,119.35,0,1,1,2,1,8
10142,4,2025,918,5,82.85,102.05,0,0,0,0,0,2
10156,1,2025,175,9,94.69,125.5,0,1,1,2,2,8
10102,8,2026,654,5,92.12,117.6,1,0,0,1,1,7
10022,7,2027,626,11,105.28,145.39,1,0,1,2,2,11
10055,1,2028,145,8,112.45,141.76,2,0,1,3,1,5
10123,9,2025,194,11,67.71,86.3,0,0,2,2,2,8
10139,5,2025,498,87,91.8,97.85,0,4,0,4,2,111
10049,2,2025,145,369,102.76,125.75,16,37,2,55,39,329
10086,3,2025,139,11,100.58,147.26,0,3,2,5,3,12
10038,4,2026,221,9,80.1,120.22,0,0,0,0,0,8
10157,5,2027,786,4,72.79,94.31,1,1,0,2,1,1
10055,10,2026,145,12,102.07,135.15,3,0,1,4,2,14
10023,10,2025,159,52,68.51,103.17,2,0,6,8,5,48
10114,11,2024,649,12,94.41,134.74,0,1,0,1,1,12
10085,12,2025,297,7,104.67,123.94,4,1,4,9,5,6
10087,5,2025,809,9,105.05,132.44,2,6,0,8,4,20
10132,10,2026,662,57,84.59,117.25,0,0,0,0,0,75
10024,10,2025,549,337,92.01,114.48,2,0,2,4,3,236
10012,6,2024,423,3,91.57,119.82,2,0,3,5,3,5
10065,12,2024,518,180,99.57,115.87,3,0,1,4,3,170
10102,7,2026,654,5,93.39,115.94,0,0,3,3,3,7
10010,10,2025,809,6,82.43,102.24,0,0,0,0,0,6
10105,6,2025,301,13,93.18,135.36,1,1,0,2,1,6
10145,7,2024,863,8,63.44,79.61,0,0,3,3,2,6
10162,2,2025,863,19,97.73,139.4,1,0,0,1,1,20
10010,11,2024,809,10,77.14,91.34,0,1,3,4,3,11
10093,7,2027,510,10,74.86,115.7,2,0,3,5,3,13
10022,1,2025,626,14,98.73,119.14,0,0,2,2,1,13
10054,9,2024,871,124,81.81,93.12,0,0,0,0,0,157
10141,4,2024,910,10,94.28,109.42,1,0,2,3,3,7
10074,6,2025,717,23,91.89,135.15,0,0,0,0,0,18
10061,8,2024,854,102,74.43,107.05,0,1,2,3,2,78
10081,5,2026,768,1,120.36,142.99,0,0,1,1,1,1
10096,7,2026,592,9,104.8,115.23,1,0,0,1,1,4
10073,6,2025,689,12,86.83,96.25,0,0,1,1,1,9
10075,4,2026,735,8,68.24,105.2,1,0,4,5,4,4
10053,11,2026,224,14,87.76,121.04,0,0,1,1,1,12
10145,9,2025,863,11,97.98,119.29,0,3,0,3,2,7
10072,10,2024,859,113,88.03,106.86,9,0,0,9,8,110
10095,10,2024,270,11,71.03,100.93,0,2,3,5,4,7
10007,8,2025,303,53,81.69,123.57,2,0,0,2,1,33
10093,8,2027,510,9,89.78,103.4,0,0,1,1,1,9
10065,5,2026,518,231,126.06,174.8,12,56,2,70,49,171
10096,12,2026,592,6,105.44,117.05,0,0,1,1,1,10
10049,2,2024,145,306,62.54,79.39,0,0,54,54,43,380
10150,7,2025,534,52,103.07,130.56,0,9,4,13,10,38
10113,2,2025,309,2,90.48,118.5,0,2,0,2,1,6
10139,10,2026,498,98,91.33,118.16,2,3,0,5,4,76
10149,11,2026,722,24,89.5,117.77,0,0,0,0,0,23
10124,12,2027,177,2,138.99,189.67,1,1,2,4,2,6
10082,4,2026,860,121,87.06,110.97,1,1,0,2,1,71
10126,7,2025,565,4,76.36,117.64,0,1,3,4,3,1
10043,11,2024,187,8,84.35,109.45,0,2,2,4,2,15
10147,10,2026,471,21,65.36,82.73,0,0,1,1,1,18
10094,7,2024,257,9,56.73,87.03,0,0,2,2,1,10
10094,3,2027,257,7,93.98,118.53,0,3,0,3,1,8
10025,12,2025,621,56,91.45,124.25,4,2,0,6,3,50
10044,5,2027,187,15,74.96,104.3,1,2,0,3,2,6
10062,3,2024,286,4,62.79,103.92,1,0,0,1,1,6
10054,6,2024,871,129,91.88,97.47,0,0,0,0,0,66
10026,5,2024,115,5,79.06,115.87,0,0,0,0,0,6
10169,8,2024,425,22,71.98,105.66,0,0,0,0,0,29
10087,2,2027,809,14,61.8,74.55,1,0,6,7,5,11
10055,9,2024,145,16,84.01,99.0,1,0,3,4,3,13
10055,8,2024,145,17,56.25,97.75,1,2,7,10,6,20
10125,1,2026,862,19,100.9,122.45,0,0,0,0,0,20
10139,4,2026,498,100,88.2,103.52,1,2,1,4,2,128
10010,1,2025,809,10,51.31,70.25,4,2,6,12,10,10
10045,3,2026,725,33,83.51,102.85,0,2,1,3,3,27
10044,6,2025,187,15,94.69,131.28,1,0,0,1,1,6
10078,8,2026,555,57,121.34,147.96,0,19,3,22,19,35
10020,1,2025,119,63,106.31,133.67,4,6,0,10,8,87
10004,3,2025,564,17,103.41,129.96,0,3,7,10,9,14
10067,5,2026,683,73,129.41,151.01,5,37,1,43,22,86
10065,7,2024,518,162,102.29,152.91,9,2,0,11,9,174
10074,12,2025,717,30,97.32,117.34,1,1,1,3,2,38
10141,7,2024,910,14,62.9,80.02,1,1,5,7,5,18
10099,7,2025,532,12,70.14,105.62,1,1,1,3,2,4
10158,10,2024,277,9,79.44,119.31,2,3,0,5,3,6
10025,3,2026,621,56,124.21,141.52,2,11,0,13,10,65
10154,9,2024,199,63,85.34,90.81,1,2,1,4,3,52
10106,2,2026,697,4,82.58,115.83,0,0,1,1,1,8
10029,8,2024,904,15,89.54,115.03,0,0,0,0,0,20
10096,9,2025,592,10,95.59,123.7,0,0,1,1,0,11
10041,9,2025,327,11,79.36,99.08,0,0,0,0,0,14
10058,12,2024,304,161,93.14,124.02,4,2,3,9,4,151
10141,6,2027,910,19,87.76,100.87,0,0,0,0,0,18
10044,10,2024,187,8,95.77,124.83,1,0,0,1,1,11
10160,4,2026,592,45,107.01,130.3,1,4,0,5,3,84
10051,1,2026,536,47,80.76,110.97,0,0,0,0,0,35
10030,1,2026,243,33,85.29,120.6,1,2,0,3,2,29
10111,2,2026,146,8,78.76,113.88,1,0,3,4,3,6
10161,8,2024,614,6,76.19,100.75,0,0,2,2,2,8
10054,12,2025,871,172,103.7,137.17,20,20,0,40,18,109
10054,7,2026,871,141,85.97,90.35,0,2,0,2,1,198
10016,7,2024,101,323,74.24,113.25,3,2,5,10,4,279
10058,2,2025,304,194,73.68,113.3,0,0,1,1,1,210
10080,9,2026,639,163,107.57,145.78,13,18,0,31,23,64
10126,9,2026,565,6,60.01,95.01,0,1,3,4,2,7
10045,10,2027,725,10,122.0,145.11,0,5,5,10,4,11
10067,4,2026,683,65,117.67,175.77,10,31,3,44,33,59
10025,8,2024,621,25,83.79,93.13,1,3,1,5,2,36
10148,12,2025,491,55,68.42,87.41,1,0,4,5,3,31
10016,8,2024,101,297,67.31,109.28,2,0,60,62,31,368
10141,1,2027,910,21,87.47,129.25,0,2,2,4,2,11
10023,5,2024,159,24,102.5,137.73,0,1,6,7,4,14
10057,8,2025,274,25,98.8,134.18,4,0,1,5,3,22
10015,3,2026,454,28,89.8,95.32,0,1,0,1,1,36
10078,12,2024,555,41,42.41,61.1,1,0,25,26,20,26
10168,3,2025,102,225,105.22,119.43,8,13,0,21,14,174
10106,1,2024,697,11,47.67,84.15,0,0,5,5,4,16
10085,3,2026,297,4,95.65,136.79,2,0,2,4,3,1
10057,2,2027,274,14,137.69,179.19,0,8,0,8,6,18
10128,6,2025,746,189,104.94,112.34,5,15,0,20,13,120
10034,8,2025,383,31,64.57,102.6,3,2,9,14,11,20
10135,3,2024,245,5,75.82,92.18,0,1,0,1,0,1
10154,8,2025,199,125,100.9,128.47,3,2,1,6,5,118
10095,5,2025,270,16,103.89,113.51,2,4,0,6,4,17
10072,12,2025,859,78,92.86,120.43,5,0,2,7,6,80
10029,4,2026,904,37,75.23,103.07,1,0,0,1,1,40
10039,1,2027,691,84,69.19,73.92,0,3,5,8,5,51
10166,1,2025,134,6,94.87,135.2,1,0,3,4,3,5
10140,10,2024,672,74,75.1,85.9,0,0,0,0,0,88
10133,1,2026,566,87,84.03,124.62,2,0,0,2,2,75
10095,7,2024,270,9,85.52,125.61,1,0,0,1,0,10
10090,3,2027,422,17,104.48,142.91,0,0,3,3,2,13
10073,3,2025,689,8,80.04,116.8,0,0,2,2,1,6
10027,2,2027,268,6,79.03,109.05,0,6,0,6,5,6
10118,4,2024,692,16,84.75,110.9,0,2,1,3,2,18
10027,3,2027,268,5,90.83,95.52,2,1,0,3,2,5
10115,2,2028,399,29,107.59,134.74,1,4,0,5,3,39
10086,4,2027,139,16,93.9,131.68,0,0,0,0,0,11
10134,6,2026,124,3,115.98,124.67,3,0,1,4,3,4
10099,11,2025,532,12,95.0,133.24,2,4,0,6,4,2
10158,3,2025,277,15,79.07,117.83,4,6,0,10,8,18
10007,1,2026,303,67,90.17,111.63,0,9,0,9,6,79
10147,12,2026,471,19,47.06,86.56,0,1,11,12,10,12
10104,12,2024,249,31,99.83,132.23,3,1,0,4,3,54
10023,3,2025,159,62,91.91,124.8,1,0,2,3,3,77
10102,11,2026,654,4,72.55,77.76,1,0,2,3,2,3
10164,10,2024,498,23,112.87,161.66,3,7,1,11,8,34
10004,11,2027,564,37,85.72,124.17,2,0,0,2,1,41
10005,8,2025,184,17,84.82,120.34,0,3,0,3,2,15
10065,11,2025,518,235,135.43,154.38,10,87,0,97,89,208
10004,5,2025,564,16,105.36,139.35,4,0,0,4,3,17
10027,4,2026,268,7,102.72,143.69,2,0,4,6,5,10
10161,11,2025,614,10,75.82,102.96,1,0,0,1,1,18
10081,4,2025,768,4,112.07,138.65,1,0,0,1,1,2
10040,11,2025,729,4,100.46,139.45,0,0,0,0,0,6
10127,3,2026,510,15,71.1,93.95,2,0,3,5,3,20
10031,12,2026,881,95,76.88,111.9,1,0,0,1,1,34
10075,12,2026,735,7,68.17,104.79,0,1,2,3,2,6
10123,3,2025,194,12,80.02,119.23,1,2,2,5,3,15
10163,12,2024,782,6,79.67,109.96,0,0,0,0,0,8
10009,11,2025,655,167,107.8,113.3,2,35,3,40,20,114
10113,10,2024,309,2,111.97,143.86,1,0,1,2,2,8
10083,9,2026,131,57,65.39,80.77,0,0,6,6,4,60
10112,12,2025,434,13,84.08,93.3,1,0,0,1,1,13
10078,12,2025,555,50,97.85,138.67,5,1,2,8,6,28
10158,2,2026,277,18,60.97,96.53,1,2,9,12,10,14
10135,4,2025,245,2,89.83,119.41,0,1,0,1,1,3
10141,3,2026,910,19,88.19,113.55,0,1,0,1,1,22
10101,2,2025,469,20,83.32,88.8,1,0,1,2,1,26
10041,1,2025,327,7,92.02,118.59,0,5,3,8,7,7
10100,9,2025,850,12,100.86,132.25,0,0,0,0,0,13
10017,3,2024,559,138,83.33,125.23,6,0,0,6,4,149
10052,4,2024,319,4,97.9,135.53,0,1,1,2,1,1
10110,3,2024,675,8,77.55,94.76,1,4,0,5,4,11
10003,2,2027,290,187,86.65,118.42,4,0,0,4,2,149
10120,5,2026,378,10,96.99,128.5,0,0,0,0,0,12
10097,9,2024,544,2,143.69,190.0,2,0,0,2,1,3
10073,9,2025,689,9,46.77,59.38,2,0,1,3,1,15
10092,4,2025,321,27,91.69,121.95,0,0,0,0,0,13
10133,9,2024,566,78,106.12,150.66,9,11,0,20,14,97
10148,4,2026,491,62,104.43,117.65,1,6,0,7,3,89
10066,11,2025,132,82,59.51,76.56,0,1,12,13,6,101
10099,3,2028,532,5,92.1,108.63,0,2,0,2,1,5
10141,3,2025,910,20,73.23,109.93,0,0,0,0,0,16
10029,11,2024,904,21,82.94,124.37,1,1,0,2,1,14
10164,6,2025,498,47,94.48,129.64,1,0,1,2,1,66
10089,6,2025,840,8,75.2,114.42,3,0,2,5,4,10
10057,6,2025,274,31,98.4,122.07,1,2,0,3,2,28
10157,1,2028,786,4,63.74,85.58,1,3,0,4,4,5
10169,6,2027,425,14,106.72,135.56,2,5,0,7,5,16
10049,8,2024,145,349,103.35,143.33,6,45,1,52,46,277
10140,8,2027,672,122,57.49,97.29,0,0,32,32,20,96
10068,10,2026,851,84,78.14,117.63,1,0,1,2,1,69
10032,4,2025,410,326,87.25,96.09,0,0,0,0,0,380
10124,9,2027,177,5,80.35,85.88,0,3,0,3,2,4
10105,5,2027,301,6,100.75,141.23,0,4,1,5,4,5
10146,12,2025,105,8,98.64,106.8,2,0,0,2,1,10
10053,2,2026,224,20,68.13,96.95,0,1,0,1,0,17
10082,7,2025,860,97,85.74,92.23,3,0,0,3,2,108
10156,11,2025,175,7,119.76,144.88,1,3,0,4,2,5
10031,10,2026,881,96,92.52,97.67,0,0,0,0,0,91
10158,10,2027,277,6,72.17,105.01,0,0,0,0,0,7
10124,11,2024,177,9,83.46,120.77,1,1,0,2,2,8
10109,8,2025,200,10,109.34,114.59,0,3,2,5,4,10
10142,7,2024,918,3,67.55,90.28,0,0,1,1,1,1
10065,5,2025,518,245,109.3,131.4,3,48,0,51,39,261
10022,1,2027,626,19,113.63,129.86,0,7,5,12,6,12
10111,2,2025,146,7,110.89,153.27,1,0,0,1,1,5
10140,3,2028,672,67,89.74,126.87,1,3,3,7,5,64
10097,10,2024,544,2,150.95,190.0,0,0,0,0,0,1
10084,9,2025,607,14,109.93,137.45,0,0,2,2,1,13
10099,9,2024,532,12,83.47,105.26,2,2,1,5,3,13
10077,5,2027,219,265,91.1,126.02,7,3,0,10,6,313
10097,2,2026,544,5,72.67,83.37,0,0,0,0,0,6
10169,1,2026,425,23,61.75,97.86,2,0,3,5,4,32
10138,5,2024,592,15,94.37,109.33,0,2,0,2,1,11
10156,2,2026,175,6,68.2,100.57,0,0,1,1,1,1
10125,9,2024,862,19,82.97,122.09,0,0,0,0,0,18
10115,5,2027,399,40,121.97,174.3,5,6,1,12,8,38
10113,11,2026,309,2,90.46,107.92,0,1,0,1,1,3
10022,10,2024,626,11,100.54,121.08,0,0,4,4,2,6
10042,9,2025,626,9,89.46,115.92,0,3,0,3,2,14
10003,1,2028,290,130,83.37,99.45,0,0,0,0,0,67
10148,6,2024,491,35,82.86,102.22,1,1,1,3,2,28
10069,8,2024,570,71,67.79,87.06,1,3,5,9,5,60
10169,4,2027,425,18,69.15,110.81,0,2,2,4,3,24
10098,3,2025,238,74,102.97,120.33,3,8,1,12,5,92
10139,9,2024,498,46,74.15,105.56,2,4,6,12,6,54
10169,10,2026,425,18,85.38,97.25,1,1,2,4,2,16
10111,1,2024,146,5,74.99,81.65,1,0,0,1,0,7
10117,3,2024,484,15,69.0,84.74,2,1,3,6,4,14
10141,8,2027,910,18,83.92,104.52,3,1,3,7,4,15
10133,2,2025,566,111,72.24,89.34,0,0,2,2,2,124
10105,3,2027,301,7,81.22,104.54,0,0,0,0,0,5
10153,12,2025,93,18,89.05,101.8,0,0,0,0,0,18
10088,10,2025,535,5,73.7,112.3,1,0,0,1,0,5
10057,9,2025,274,30,104.84,124.36,0,7,2,9,4,29
10004,2,2027,564,26,97.01,144.56,1,3,2,6,6,30
10095,7,2025,270,16,83.82,95.07,2,0,0,2,1,24
10027,6,2026,268,8,87.05,118.91,1,0,1,2,1,2
10093,9,2026,510,17,68.22,103.58,2,2,3,7,4,21
10104,2,2025,249,35,89.13,98.49,0,0,0,0,0,22
10075,10,2024,735,6,77.52,85.95,0,2,2,4,2,2
10135,6,2024,245,1,133.1,171.26,0,0,0,0,0,1
10115,4,2025,399,37,89.26,105.36,0,0,0,0,0,40
10069,5,2025,570,78,85.8,126.53,0,3,3,6,3,43
10136,10,2024,854,74,88.36,132.64,4,0,0,4,2,89
10076,8,2024,327,39,67.52,107.82,0,0,0,0,0,14
10107,1,2025,885,10,131.16,157.61,1,2,0,3,1,18
10143,3,2026,727,32,87.2,126.68,2,6,1,9,7,24
10005,3,2026,184,23,70.95,84.6,1,0,4,5,4,25
10164,9,2025,498,36,100.89,137.68,1,8,0,9,7,44
10051,12,2024,536,35,106.89,141.25,1,9,1,11,5,46
10146,9,2025,105,8,94.93,108.02,1,2,0,3,1,9
10019,1,2027,488,21,70.46,96.83,1,0,3,4,3,17
10146,5,2024,105,5,71.17,96.93,0,3,1,4,3,7
10130,4,2026,655,11,107.89,148.04,0,1,0,1,1,6
10025,8,2026,621,39,55.4,77.75,1,3,8,12,11,43
10015,6,2026,454,29,92.18,102.56,0,0,0,0,0,15
10027,4,2025,268,6,107.65,115.9,0,6,1,7,6,12
10013,2,2025,838,13,83.47,98.56,0,0,0,0,0,17
10005,10,2024,184,10,59.16,79.23,0,0,0,0,0,12
10046,8,2024,221,11,92.48,119.39,0,0,0,0,0,12
10097,2,2025,544,4,93.9,109.3,0,0,0,0,0,3
10111,12,2024,146,9,74.55,86.05,0,0,0,0,0,3
10114,3,2026,649,11,102.83,132.43,1,8,1,10,8,2
10058,2,2026,304,214,67.23,101.99,0,1,11,12,7,208
10086,1,2026,139,14,82.05,126.6,2,1,0,3,2,18
10007,12,2025,303,54,75.42,116.45,2,0,0,2,2,58
10100,11,2025,850,9,56.99,93.52,0,0,0,0,0,12
10124,7,2025,177,8,103.9,130.13,0,2,1,3,3,12
10149,4,2024,722,40,86.99,123.68,0,0,1,1,1,36
10114,3,2025,649,11,104.98,141.15,0,0,0,0,0,7
10108,1,2025,647,12,108.46,143.42,0,1,0,1,1,3
10090,6,2025,422,15,86.84,123.83,0,3,0,3,2,14
10002,3,2027,847,3,62.0,70.48,0,0,1,1,1,4
10005,12,2025,184,22,85.34,124.9,1,2,0,3,2,15
10140,3,2025,672,90,105.07,128.69,3,4,0,7,5,59
10153,11,2025,93,19,113.12,132.47,4,2,0,6,3,28
10098,8,2027,238,119,69.5,78.0,1,0,14,15,12,135
10102,5,2027,654,3,84.69,108.13,0,2,1,3,2,1
10138,3,2026,592,23,77.58,93.66,0,3,0,3,1,18
10028,10,2024,164,4,111.89,136.0,0,1,3,4,3,7
10026,8,2025,115,9,73.98,93.17,1,0,0,1,1,6
10009,3,2025,655,151,100.2,117.69,2,9,0,11,9,168
10104,8,2025,249,28,109.65,119.72,2,4,0,6,3,18
10086,8,2027,139,11,86.77,105.86,0,0,1,1,1,10
10010,3,2025,809,13,105.18,138.89,1,0,0,1,1,10
10124,11,2026,177,7,99.07,141.34,0,3,0,3,2,5
10087,9,2026,809,10,100.44,139.48,1,1,5,7,4,11
10122,10,2026,593,9,85.4,93.1,0,0,0,0,0,7
10048,3,2026,655,110,57.54,65.64,6,0,10,16,14,75
10079,5,2026,706,14,65.99,97.06,0,0,0,0,0,16
10145,4,2026,863,10,77.65,85.91,0,0,0,0,0,6
10162,8,2024,863,12,77.28,100.05,3,4,2,9,8,13
10096,2,2027,592,5,84.57,116.56,0,0,1,1,1,3
10004,4,2025,564,19,109.11,151.02,4,1,0,5,2,15
10165,12,2025,864,37,70.32,76.4,0,4,3,7,3,11
10017,5,2025,559,134,94.13,114.13,0,0,1,1,1,194
10002,1,2025,847,3,77.55,114.18,1,1,1,3,1,8
10131,3,2025,446,13,95.7,116.41,0,1,0,1,1,6
10048,2,2024,655,46,67.53,86.6,1,1,8,10,9,43
10148,1,2026,491,61,74.3,106.24,0,0,0,0,0,65
10105,8,2026,301,10,98.08,125.07,1,0,0,1,1,13
10098,9,2027,238,116,101.18,132.36,5,6,0,11,7,103
10077,8,2026,219,320,85.89,97.05,0,2,2,4,3,157
10100,8,2024,850,13,97.1,111.5,2,0,1,3,3,20
10149,3,2027,722,21,51.5,63.67,2,0,11,13,11,18
10094,12,2024,257,16,68.44,76.14,0,0,0,0,0,11
10021,4,2024,164,364,72.62,86.93,0,1,21,22,10,289
10118,5,2025,692,25,85.91,101.74,0,1,0,1,0,44
10058,3,2026,304,209,85.79,117.77,4,15,0,19,10,178
10042,11,2024,626,8,88.85,126.46,0,0,0,0,0,4
10134,10,2026,124,1,102.5,121.22,1,0,0,1,1,5
10166,10,2025,134,6,93.44,97.66,0,0,0,0,0,5
10025,7,2025,621,43,96.19,129.83,1,0,0,1,0,53
10115,12,2025,399,35,105.72,154.82,3,6,0,9,5,45
10118,3,2024,692,14,99.78,109.19,0,0,0,0,0,4
10056,8,2024,414,48,82.74,123.48,0,0,0,0,0,10
10134,12,2024,124,3,70.78,92.57,2,0,2,4,2,3
10022,2,2026,626,14,101.15,124.89,0,2,0,2,1,21
10145,2,2026,863,10,83.87,115.55,1,2,1,4,2,17
10105,1,2025,301,10,123.61,145.9,2,1,0,3,2,12
10015,12,2026,454,21,87.31,111.95,0,3,0,3,1,17
10073,5,2025,689,11,71.19,104.11,2,5,0,7,4,3
10142,6,2025,918,4,84.83,126.75,0,1,0,1,1,3
10120,7,2025,378,11,104.39,133.76,0,3,0,3,2,14
10123,3,2027,194,5,105.38,134.36,0,3,0,3,2,4
10074,8,2027,717,15,98.55,133.61,1,1,0,2,2,13
10045,6,2026,725,31,107.22,125.42,2,0,2,4,3,29
10130,9,2024,655,8,88.59,132.38,0,5,0,5,3,3
10157,7,2025,786,5,42.0,60.31,0,0,0,0,0,3
10059,7,2024,918,25,86.33,110.79,1,1,1,3,2,29
10072,2,2025,859,92,120.71,151.94,8,34,0,42,27,92
10145,8,2025,863,10,92.87,104.47,0,1,2,3,2,13
10119,3,2026,887,9,69.8,91.45,2,4,2,8,4,5
10137,7,2025,630,189,106.96,152.0,5,15,25,45,36,193
10096,11,2024,592,7,99.04,139.51,1,0,2,3,2,9
10051,8,2027,536,51,97.47,117.15,1,0,0,1,1,36
10062,11,2025,286,3,85.54,113.33,0,0,0,0,0,3
10089,4,2025,840,6,94.62,124.72,0,0,0,0,0,11
10110,5,2024,675,12,113.39,131.26,1,2,2,5,3,9
10091,1,2026,140,22,54.4,62.04,0,0,3,3,2,21
10047,8,2024,278,2,72.0,96.79,1,2,1,4,2,4
10093,1,2027,510,11,91.87,102.44,0,1,0,1,0,7
10027,8,2024,268,7,82.96,104.03,1,1,2,4,3,6
10039,5,2025,691,71,99.4,130.93,0,4,0,4,3,57
10085,4,2026,297,5,88.68,127.59,1,1,0,2,1,1
10094,9,2024,257,12,107.32,122.31,1,0,1,2,2,16
10047,10,2025,278,7,92.75,126.95,0,0,0,0,0,11
10026,9,2024,115,6,81.52,93.71,0,2,0,2,1,8
10157,2,2027,786,3,84.18,115.24,1,2,3,6,3,4
10135,4,2026,245,2,98.35,136.14,0,0,0,0,0,2
10140,6,2025,672,102,117.55,152.92,3,23,1,27,19,65
10113,2,2026,309,5,80.0,107.18,1,0,1,2,2,5
10084,8,2024,607,6,98.01,121.46,1,0,0,1,1,3
10127,8,2024,510,17,64.85,83.35,2,1,0,3,2,28
10103,8,2024,561,4,67.14,105.16,0,2,0,2,1,1
10014,8,2025,128,14,86.39,119.31,0,0,0,0,0,18
10168,10,2025,102,308,92.12,107.2,0,0,1,1,1,312
10048,7,2027,655,83,75.7,107.89,0,0,0,0,0,78
10122,5,2025,593,8,85.14,114.0,2,0,0,2,1,11
10016,9,2025,101,369,120.69,162.65,22,47,1,70,30,370
10122,9,2024,593,9,89.25,95.8,0,2,2,4,2,12
10040,12,2024,729,4,101.36,150.95,0,0,0,0,0,6
10089,3,2025,840,8,110.66,114.81,0,0,0,0,0,7
10157,11,2025,786,5,68.84,85.95,1,1,1,3,1,5
10115,4,2026,399,44,107.39,147.33,2,4,1,7,3,34
10027,8,2027,268,4,77.53,113.83,4,0,2,6,3,1
10042,3,2027,626,17,103.6,123.86,2,0,0,2,1,6
10165,7,2024,864,54,70.42,80.49,0,0,1,1,1,59
10126,9,2024,565,4,96.77,136.56,0,3,0,3,1,6
10085,4,2025,297,6,84.3,112.34,1,2,0,3,2,7
10089,5,2026,840,5,58.78,75.93,1,0,1,2,1,1
10075,9,2025,735,8,100.6,112.06,1,0,0,1,1,9
10005,11,2025,184,21,84.01,101.59,1,5,0,6,4,18
10141,8,2026,910,24,106.73,116.97,0,10,3,13,10,37
10119,6,2024,887,11,86.31,94.81,2,3,0,5,4,11
10161,11,2024,614,8,118.92,130.27,0,5,3,8,6,5
10032,2,2025,410,249,77.68,102.92,1,13,2,16,9,233
10132,5,2027,662,40,60.74,73.69,1,2,5,8,6,37
10154,5,2024,199,108,61.1,95.99,0,0,13,13,10,87
10146,7,2026,105,9,71.45,88.75,1,0,0,1,1,9
10156,5,2024,175,8,70.23,91.53,1,3,3,7,4,7
10036,8,2025,355,6,93.95,122.27,0,0,1,1,1,11
10057,7,2026,274,33,108.29,126.64,1,7,0,8,5,25
10055,5,2027,145,9,82.03,122.6,1,4,1,6,4,11
10142,3,2025,918,6,54.58,85.54,0,1,3,4,2,5
10001,12,2024,682,7,74.36,94.71,0,0,2,2,1,8
10073,8,2025,689,12,87.79,118.96,0,0,0,0,0,4
10042,9,2026,626,13,109.27,136.49,1,2,3,6,4,18
10001,1,2025,682,9,111.52,155.77,1,1,1,3,1,5
10136,7,2025,854,99,77.99,109.37,0,0,0,0,0,179
10147,5,2025,471,21,104.5,132.66,2,2,2,6,3,25
10030,1,2025,243,25,108.51,149.86,1,5,2,8,4,27
10143,11,2024,727,29,96.91,112.17,0,1,0,1,1,51
10093,9,2027,510,11,85.53,111.58,0,0,1,1,1,6
10141,11,2026,910,26,93.36,118.06,3,0,0,3,2,11
10156,8,2025,175,11,99.71,119.75,0,3,0,3,1,14
10166,7,2024,134,6,53.82,92.65,0,0,0,0,0,6
10159,1,2025,165,147,107.35,145.02,15,12,0,27,21,151
10164,1,2025,498,31,102.43,130.03,3,5,0,8,5,25
10095,6,2027,270,9,93.33,120.64,1,1,2,4,3,13
10003,2,2025,290,64,98.35,127.73,0,2,1,3,2,62
10167,10,2024,804,53,55.91,97.42,0,0,11,11,7,43
10078,3,2026,555,56,90.67,124.8,2,0,0,2,1,37
10145,1,2025,863,8,95.39,120.79,1,3,1,5,2,10
10072,2,2026,859,94,77.98,99.08,1,3,0,4,4,108
10164,3,2024,498,34,68.09,94.32,3,0,3,6,4,44
10045,10,2026,725,33,90.94,119.25,2,0,0,2,2,22
10024,10,2024,549,212,91.56,101.09,0,2,3,5,2,270
10166,8,2025,134,5,73.0,114.27,0,2,0,2,1,1
10031,8,2024,881,79,85.56,90.25,0,3,1,4,4,92
10080,6,2026,639,249,77.13,107.6,0,4,0,4,2,248
10142,7,2025,918,4,81.19,117.93,2,2,1,5,4,4
10144,2,2025,189,20,69.37,92.28,1,2,4,7,4,18
10036,9,2024,355,4,103.22,125.27,1,0,0,1,1,6
10094,7,2025,257,15,68.38,75.08,0,3,1,4,2,18
10140,2,2026,672,110,91.97,121.84,3,0,0,3,2,75
10090,2,2026,422,13,92.35,131.86,2,2,0,4,4,12
10056,2,2027,414,76,95.95,123.08,1,0,0,1,1,77
10031,1,2026,881,179,92.64,113.2,0,1,1,2,1,118
10129,5,2024,339,8,86.3,123.7,2,0,1,3,2,12
10060,10,2025,192,19,116.45,158.74,2,6,0,8,3,14
10134,3,2025,124,1,135.58,163.77,1,1,1,3,1,2
10119,9,2024,887,8,88.38,136.39,4,3,0,7,3,4
10132,3,2027,662,46,77.12,86.56,0,1,0,1,1,52
10151,6,2024,99,103,77.17,98.97,0,3,0,3,3,146
10141,8,2025,910,17,77.16,118.33,0,1,2,3,2,13
10026,6,2024,115,4,131.86,166.1,0,4,4,8,4,4
10169,9,2027,425,10,75.41,97.25,3,1,2,6,3,11
10157,4,2026,786,2,126.76,144.51,0,0,0,0,0,5
10166,2,2026,134,8,80.17,87.2,2,0,0,2,2,12
10105,2,2025,301,11,85.71,103.03,2,0,1,3,2,9
10086,4,2024,139,15,85.21,115.91,1,1,0,2,1,10
10010,12,2025,809,5,81.61,104.19,0,0,0,0,0,8
10031,3,2027,881,85,90.97,100.44,1,0,2,3,2,61
10069,8,2025,570,82,102.51,130.8,1,5,1,7,4,99
10126,12,2026,565,4,73.73,79.38,0,0,0,0,0,3
10125,9,2026,862,17,82.56,97.2,0,2,3,5,4,27
10164,9,2026,498,60,108.21,133.84,1,11,1,13,9,31
10110,9,2024,675,12,102.72,143.97,0,3,0,3,1,16
10019,2,2026,488,26,105.59,110.19,0,3,0,3,3,20
10074,10,2027,717,14,141.36,190.0,0,6,1,7,6,17
10124,6,2027,177,5,72.47,104.39,0,2,0,2,1,10
10045,7,2025,725,47,63.49,96.8,2,6,4,12,9,24
10050,11,2025,750,199,105.55,154.15,22,17,0,39,33,323
10052,5,2025,319,9,103.87,116.43,0,1,4,5,4,12
10025,4,2025,621,51,69.83,78.66,2,5,3,10,6,43
10048,6,2025,655,85,71.64,83.25,0,0,5,5,4,82
10105,6,2024,301,12,89.05,128.11,0,1,1,2,1,10
10114,10,2024,649,12,110.05,121.46,0,1,2,3,2,9
10033,9,2025,95,10,83.1,116.61,1,1,1,3,1,12
10119,10,2025,887,14,92.65,103.18,0,3,1,4,3,16
10100,5,2024,850,11,71.75,100.12,0,0,1,1,1,14
10099,1,2027,532,5,140.72,185.94,0,1,2,3,3,5
10054,6,2026,871,155,88.14,107.03,0,3,0,3,2,158
10165,6,2025,864,59,103.77,113.35,3,6,0,9,5,30
10009,10,2027,655,80,71.4,107.07,0,0,14,14,6,162
10074,8,2024,717,27,89.82,134.09,2,4,1,7,6,32
10064,11,2024,340,7,102.8,148.32,3,0,0,3,2,8
10117,2,2027,484,12,86.06,118.85,0,0,0,0,0,3
10129,7,2026,339,6,102.29,121.18,0,0,2,2,1,4
10020,2,2026,119,75,88.45,128.21,3,0,0,3,1,64
10025,10,2024,621,31,106.59,146.46,4,3,0,7,5,45
10044,4,2026,187,16,83.78,101.39,2,0,0,2,1,16
10095,6,2025,270,17,99.26,112.98,0,4,0,4,3,10
10009,6,2027,655,79,66.34,84.39,1,3,15,19,15,93
10032,5,2025,410,354,87.34,107.57,1,1,3,5,2,254
10150,4,2026,534,39,108.57,145.67,2,12,0,14,9,35
10064,9,2025,340,10,110.49,150.17,2,3,2,7,5,14
10051,2,2028,536,27,75.16,89.39,0,1,0,1,1,25
10039,3,2025,691,53,117.81,138.51,4,14,0,18,11,85
10017,4,2024,559,124,106.56,135.25,2,9,2,13,9,133
10090,12,2026,422,14,117.96,153.92,2,3,0,5,4,12
10154,11,2025,199,180,72.31,89.97,0,0,12,12,9,99
10141,9,2024,910,16,80.81,107.85,0,2,0,2,1,23
10162,3,2026,863,26,101.43,131.08,0,5,0,5,3,30
10104,7,2025,249,31,104.56,145.33,2,7,1,10,6,22
10129,11,2024,339,9,136.6,187.44,3,7,0,10,5,8
10058,4,2025,304,174,106.52,114.49,0,14,0,14,7,161
10138,4,2024,592,16,46.61,54.6,1,3,8,12,10,17
10005,12,2026,184,18,76.6,92.82,0,0,0,0,0,8
10082,10,2024,860,52,70.6,81.75,0,0,4,4,3,72
10159,6,2024,165,120,78.0,112.4,0,0,1,1,1,65
10111,4,2025,146,7,110.19,147.49,0,3,0,3,2,7
10160,10,2024,592,30,85.12,97.88,0,1,3,4,3,45
10159,3,2024,165,140,68.14,77.37,1,3,11,15,9,96
10129,2,2024,339,8,101.62,113.55,3,2,0,5,3,2
10118,4,2025,692,24,119.42,144.94,2,3,0,5,4,26
10140,6,2027,672,140,98.69,128.3,3,6,2,11,10,68
10075,1,2025,735,6,85.98,105.65,0,0,0,0,0,8
10045,10,2025,725,30,92.79,122.27,0,1,2,3,2,30
10163,5,2027,782,6,71.82,85.37,4,0,4,8,6,10
10024,3,2026,549,275,78.92,114.38,4,0,7,11,9,341
10162,10,2025,863,21,77.18,96.0,1,0,1,2,2,21
10136,11,2024,854,85,103.8,140.16,4,5,0,9,4,121
10051,11,2025,536,66,89.8,104.33,0,0,2,2,1,48
10103,12,2026,561,1,94.45,136.05,0,0,0,0,0,5
10148,2,2025,491,56,81.52,114.61,2,0,0,2,1,80
10126,7,2026,565,4,66.0,103.28,0,1,0,1,1,2
10114,9,2025,649,11,114.02,142.79,2,2,0,4,2,18
10122,2,2027,593,6,103.89,124.17,1,0,0,1,0,6
10003,1,2027,290,177,102.59,127.02,6,14,0,20,13,108
10151,1,2025,99,145,105.44,143.12,6,18,0,24,12,102
10055,6,2024,145,25,67.6,107.83,0,5,5,10,5,17
10092,2,2025,321,31,83.6,91.73,2,0,3,5,4,29
10166,2,2025,134,5,91.07,122.75,0,0,0,0,0,4
10040,3,2025,729,6,109.05,160.62,1,0,2,3,2,6
10133,5,2024,566,51,83.48,95.84,2,1,3,6,4,91
10137,8,2026,630,76,126.36,154.96,7,24,0,31,17,87
10025,3,2025,621,50,96.73,108.34,2,1,0,3,2,58
10163,2,2025,782,7,89.68,112.84,0,2,1,3,3,12
10124,1,2028,177,3,100.12,115.31,0,0,0,0,0,1
10051,12,2027,536,25,73.33,102.13,0,0,0,0,0,27
10098,5,2025,238,101,75.21,91.22,0,4,1,5,3,101
10016,6,2025,101,380,92.85,138.09,14,1,0,15,9,187
10075,4,2025,735,8,109.04,132.33,0,4,0,4,2,11
10148,9,2024,491,45,94.38,111.89,1,1,0,2,1,22
10048,4,2027,655,76,87.92,112.07,3,0,0,3,2,65
10092,3,2025,321,29,100.46,124.96,1,1,3,5,3,26
10090,1,2025,422,7,121.22,183.76,0,7,0,7,6,6
10072,2,2027,859,52,91.49,117.69,3,0,1,4,3,44
10061,4,2025,854,149,94.81,122.67,7,1,2,10,9,176
10060,3,2026,192,14,79.73,105.06,0,0,1,1,1,9
10129,12,2024,339,8,89.91,126.14,0,2,2,4,3,3
10059,12,2025,918,30,92.27,123.18,4,0,0,4,2,33
10041,10,2025,327,11,77.32,105.34,1,1,1,3,1,12
10129,3,2024,339,7,97.88,137.38,3,0,1,4,3,7
10107,5,2026,885,22,92.74,121.03,0,0,0,0,0,20
10067,12,2024,683,42,96.62,120.13,1,1,0,2,1,43
10093,1,2026,510,11,82.26,99.99,1,2,0,3,2,15
10035,3,2026,335,8,82.88,122.3,0,3,0,3,2,4
10152,4,2026,639,8,89.13,97.73,2,1,2,5,3,9
10091,3,2025,140,27,89.22,97.86,2,0,4,6,4,20
10074,9,2025,717,26,97.74,119.75,3,1,2,6,4,26
10128,8,2025,746,193,71.03,108.36,0,0,17,17,15,212
10133,5,2025,566,122,87.3,128.92,4,3,0,7,4,87
10084,3,2024,607,10,85.67,95.87,0,0,0,0,0,8
10080,1,2027,639,117,110.95,146.04,10,30,1,41,24,69
10129,7,2024,339,7,123.8,170.94,0,3,0,3,1,4
10092,4,2024,321,13,103.78,161.64,2,0,0,2,1,20
10145,3,2024,863,8,94.18,128.17,1,1,1,3,2,8
10048,6,2024,655,48,83.57,119.6,1,0,5,6,5,68
10072,5,2027,859,65,88.14,117.61,1,3,0,4,3,71
10049,7,2024,145,274,70.26,106.21,1,2,11,14,10,380
10081,3,2026,768,1,126.87,184.69,1,0,0,1,1,1
10000,10,2025,605,28,73.45,103.67,0,3,4,7,5,16
10097,7,2025,544,6,67.7,74.46,1,0,0,1,1,3
10137,5,2026,630,106,108.99,146.18,13,6,1,20,11,121
10026,1,2026,115,5,83.76,93.05,0,2,0,2,2,8
10087,8,2027,809,8,71.66,96.13,0,0,2,2,1,6
10121,10,2024,305,351,101.65,111.23,3,20,2,25,22,269
10024,6,2025,549,333,87.1,92.12,0,2,0,2,1,360
10041,6,2024,327,10,75.57,108.67,2,0,0,2,1,10
10004,1,2026,564,27,80.35,97.35,0,0,1,1,1,12
10101,3,2026,469,14,80.2,112.15,1,0,3,4,2,14
10135,8,2026,245,3,78.7,107.56,2,0,1,3,2,1
10123,10,2026,194,6,93.44,116.65,2,4,1,7,4,2
10095,6,2026,270,15,82.33,119.38,2,0,0,2,2,12
10060,7,2026,192,11,81.03,105.04,0,1,1,2,1,14
10008,4,2026,140,39,93.31,135.75,0,1,0,1,1,25
10115,6,2026,399,45,108.58,140.5,2,10,2,14,9,24
10004,3,2027,564,29,103.61,131.5,0,1,0,1,1,31
10109,4,2025,200,15,62.83,100.56,0,0,0,0,0,22
10124,7,2027,177,6,54.83,77.89,0,3,0,3,2,8
10147,1,2026,471,23,91.85,118.09,1,0,0,1,1,22
10030,3,2026,243,27,92.25,110.47,0,0,0,0,0,20
10098,7,2027,238,141,88.09,120.27,0,3,0,3,2,120
10092,9,2024,321,20,73.58,98.55,1,0,0,1,1,27
10113,6,2026,309,4,99.45,128.46,2,2,0,4,2,1
10018,2,2025,175,220,95.58,107.51,0,1,2,3,2,287
10142,10,2024,918,6,82.73,108.78,1,2,0,3,3,4
10053,6,2025,224,17,81.21,96.14,0,2,0,2,2,23
10162,7,2026,863,18,78.51,92.62,0,0,0,0,0,36
10126,5,2027,565,2,68.32,86.06,0,2,1,3,1,1
10152,11,2024,639,6,94.69,116.24,1,0,0,1,1,6
10149,3,2026,722,38,99.13,141.97,4,4,0,8,6,55
10168,12,2024,102,196,101.55,119.95,6,16,0,22,17,254
10005,5,2024,184,11,92.85,113.98,0,0,1,1,1,14
10093,3,2027,510,10,97.07,136.18,1,0,0,1,1,6
10117,1,2025,484,16,72.33,97.41,2,0,0,2,1,22
10163,9,2024,782,5,83.76,114.52,2,1,0,3,2,5
10004,3,2026,564,31,110.18,142.0,0,3,1,4,3,22
10056,10,2024,414,39,86.81,102.52,0,0,0,0,0,22
10009,7,2026,655,145,89.64,111.81,2,4,0,6,4,117
10106,8,2025,697,6,98.48,133.3,0,2,1,3,2,7
10120,4,2026,378,10,92.15,136.58,1,0,0,1,0,8
10084,4,2027,607,9,69.76,98.77,1,0,0,1,0,7
10148,10,2025,491,50,107.28,127.22,1,11,0,12,10,55
10156,10,2025,175,8,112.41,136.09,0,1,0,1,1,6
10075,3,2025,735,9,81.4,100.46,0,4,2,6,4,6
10049,5,2024,145,192,77.05,90.39,0,0,1,1,0,186
10043,8,2025,187,9,97.78,142.64,0,1,0,1,1,17
10022,12,2025,626,13,123.71,140.47,1,4,1,6,5,15
10168,9,2024,102,157,104.29,145.13,11,8,2,21,16,140
10044,1,2026,187,16,90.24,116.05,0,0,0,0,0,22
10114,8,2025,649,10,88.58,118.53,1,2,0,3,1,8
10087,6,2024,809,7,89.82,117.68,0,0,2,2,1,1
10030,6,2026,243,19,122.29,177.71,0,13,0,13,8,23
10043,5,2025,187,11,93.48,136.01,1,0,0,1,1,10
10056,11,2025,414,93,81.89,111.7,2,0,0,2,1,57
10093,12,2025,510,13,98.99,138.46,1,0,1,2,1,9
10111,1,2025,146,9,87.15,128.57,0,0,1,1,1,6
10055,9,2026,145,12,102.5,139.1,1,3,0,4,3,8
10115,10,2027,399,38,133.62,167.53,5,12,1,18,11,35
10105,2,2026,301,16,87.6,113.31,1,7,3,11,5,15
10046,5,2025,221,21,93.42,115.75,2,0,0,2,2,22
10126,5,2025,565,2,105.72,120.19,0,1,2,3,2,1
10138,5,2026,592,17,57.52,83.23,0,0,2,2,2,8
10094,11,2026,257,5,119.82,145.89,0,1,0,1,1,7
10000,7,2025,605,24,98.82,123.34,0,0,0,0,0,23
10162,4,2026,863,25,62.45,99.06,1,0,10,11,5,16
10095,11,2024,270,11,101.12,137.32,0,0,0,0,0,13
10084,4,2024,607,9,67.75,81.7,0,0,0,0,0,14
10044,8,2026,187,17,81.64,121.36,2,0,2,4,2,17
10143,1,2026,727,34,81.99,91.23,0,5,0,5,4,31
10009,12,2026,655,109,98.47,137.54,7,3,1,11,7,179
10056,4,2025,414,62,110.37,131.11,2,0,0,2,2,98
10037,8,2024,273,6,54.12,92.73,1,3,4,8,5,5
10088,3,2025,535,3,110.02,151.8,0,3,0,3,3,5
10061,12,2025,854,121,81.98,96.93,0,3,4,7,3,184
10091,5,2025,140,25,92.16,119.91,0,0,0,0,0,25
10023,2,2025,159,57,65.72,103.84,0,2,6,8,4,85
10015,3,2024,454,13,75.54,98.95,0,0,1,1,1,10
10022,8,2027,626,9,105.75,127.69,0,0,0,0,0,14
10086,11,2027,139,8,108.21,125.29,1,3,1,5,4,8
10136,2,2025,854,79,123.7,167.05,9,23,0,32,16,93
10153,2,2025,93,13,121.53,156.96,0,4,0,4,3,12
10054,3,2026,871,176,81.75,92.29,0,0,1,1,1,103
10028,1,2026,164,8,84.39,113.4,0,0,0,0,0,8
10019,4,2027,488,20,92.59,117.13,2,0,0,2,1,19
10042,8,2027,626,17,69.73,84.35,0,3,0,3,3,14
10137,8,2024,630,106,73.59,83.94,0,2,5,7,6,178
10167,4,2026,804,45,78.8,122.89,3,0,0,3,2,66
10151,11,2025,99,148,127.48,165.91,21,65,2,88,67,88
10160,8,2025,592,41,103.03,140.61,2,8,0,10,6,57
10102,9,2024,654,6,60.37,73.75,0,4,4,8,6,4
10007,4,2025,303,50,103.44,120.94,2,3,1,6,4,53
10155,10,2026,426,38,89.03,118.47,3,1,2,6,4,32
10117,7,2025,484,17,102.56,125.11,0,1,0,1,1,22
10147,8,2027,471,10,69.05,103.68,1,4,0,5,3,10
10071,11,2024,540,24,102.24,126.09,1,2,0,3,1,25
10012,6,2026,423,7,79.65,95.38,0,0,0,0,0,2
10050,7,2026,750,116,128.75,177.88,8,32,5,45,31,107
10020,4,2025,119,70,94.18,129.31,1,0,0,1,1,70
10051,9,2025,536,74,94.53,111.23,0,6,3,9,8,56
10025,10,2026,621,28,78.18,97.57,0,1,0,1,1,30
10034,4,2025,383,26,72.0,96.23,0,0,0,0,0,35
10049,12,2025,145,380,79.41,115.53,5,0,0,5,3,380
10130,1,2027,655,9,91.51,134.35,0,4,0,4,2,6
10068,12,2025,851,62,106.42,138.61,4,7,1,12,9,115
10010,2,2025,809,11,96.24,123.52,1,0,0,1,1,17
10149,10,2024,722,43,87.35,99.45,0,0,0,0,0,45
10094,10,2025,257,15,79.03,101.61,0,0,1,1,1,16
10145,7,2026,863,12,82.79,94.76,1,0,0,1,1,4
10115,8,2025,399,41,108.99,119.74,1,7,1,9,5,37
10032,9,2025,410,313,94.64,125.92,11,0,1,12,7,330
10107,6,2026,885,25,83.57,112.61,3,0,1,4,4,21
10093,4,2027,510,7,99.97,125.72,0,0,0,0,0,5
10014,9,2025,128,15,98.11,122.87,0,2,1,3,1,17
10057,2,2026,274,27,118.88,156.61,2,6,0,8,5,47
10098,12,2024,238,70,82.24,96.36,0,0,2,2,1,43
10066,3,2024,132,63,70.41,78.31,0,0,6,6,4,53
10048,2,2026,655,102,74.37,114.35,1,4,2,7,4,86
10077,8,2025,219,314,90.51,132.35,10,1,3,14,10,188
10167,2,2026,804,43,118.52,163.3,4,11,2,17,10,26
10120,11,2025,378,7,154.8,190.0,2,4,1,7,6,5
10156,4,2026,175,3,90.13,107.86,2,0,0,2,1,5
10064,4,2025,340,10,112.45,150.42,5,5,1,11,8,9
10135,3,2026,245,1,131.67,185.85,0,0,0,0,0,1
10159,3,2027,165,52,83.65,96.8,0,2,0,2,1,37
10082,5,2025,860,98,72.17,110.07,1,0,1,2,1,142
10056,4,2027,414,72,82.98,114.8,1,0,3,4,4,56
10141,10,2024,910,14,90.39,110.87,1,1,1,3,2,10
10060,9,2025,192,22,105.92,125.32,1,1,0,2,1,16
10153,5,2025,93,11,106.45,131.3,2,3,0,5,3,8
10006,3,2025,455,51,86.79,115.17,0,0,0,0,0,58
10164,8,2024,498,21,67.45,72.2,1,2,0,3,3,23
10051,5,2028,536,22,80.66,101.32,0,0,3,3,1,21
10035,4,2025,335,10,124.95,148.88,2,5,0,7,6,15
10088,11,2025,535,5,78.06,104.17,0,1,0,1,1,8
10068,9,2024,851,60,63.77,73.59,0,2,9,11,6,62
10085,11,2024,297,7,105.53,129.73,0,2,0,2,1,1
10105,4,2027,301,5,106.98,136.11,1,2,3,6,3,8
10128,4,2025,746,276,81.53,100.52,0,1,1,2,1,193
10149,8,2024,722,34,87.53,120.92,0,4,1,5,4,15
10164,7,2027,498,50,88.73,99.6,0,0,1,1,1,40
10086,5,2027,139,14,104.0,132.16,1,0,0,1,1,18
10090,1,2027,422,11,125.78,178.49,1,1,0,2,1,18
10163,3,2026,782,11,92.33,122.24,4,1,0,5,3,6
10163,5,2026,782,8,80.16,104.97,0,4,0,4,3,6
10165,8,2024,864,52,61.46,74.21,0,0,7,7,6,39
10098,12,2026,238,150,97.33,118.73,3,3,1,7,4,183
10162,7,2025,863,20,79.42,87.37,0,0,0,0,0,20
10127,10,2025,510,16,101.09,127.67,0,4,1,5,3,19
10014,9,2024,128,9,73.49,80.28,2,0,1,3,3,11
10080,7,2025,639,251,88.48,110.64,1,0,0,1,1,226
10003,3,2025,290,80,110.07,134.92,0,6,1,7,4,115
10047,9,2024,278,2,132.01,166.72,0,0,2,2,2,2
10040,2,2026,729,5,121.64,169.3,0,0,0,0,0,1
10114,1,2026,649,12,108.15,137.23,1,1,0,2,1,10
10124,12,2026,177,6,98.9,113.65,2,0,0,2,1,6
10124,4,2025,177,13,75.56,111.18,0,0,2,2,1,9
10121,6,2024,305,349,69.87,97.92,0,0,35,35,17,207
10038,11,2026,221,15,71.27,76.81,0,0,1,1,1,7
10100,1,2025,850,9,101.89,126.76,0,1,0,1,1,7
10086,10,2024,139,9,91.5,111.55,1,5,0,6,3,9
10065,9,2027,518,195,79.94,124.25,5,16,0,21,18,194
10062,8,2024,286,3,96.9,114.77,0,0,0,0,0,5
10050,8,2026,750,102,88.51,134.48,4,0,2,6,5,107
10038,8,2025,221,9,96.2,125.18,1,3,1,5,4,9
10091,9,2024,140,20,84.48,95.24,0,0,1,1,1,23
10103,6,2027,561,1,107.52,124.68,0,1,1,2,1,6
10011,11,2024,866,29,94.97,135.2,0,1,2,3,2,41
10076,10,2025,327,45,91.76,124.86,1,2,0,3,2,43
10042,2,2028,626,10,86.43,112.66,2,1,0,3,3,9
10089,4,2024,840,5,75.75,99.82,2,3,0,5,3,4
10079,2,2025,706,12,85.52,116.25,2,0,1,3,2,16
10133,11,2024,566,103,81.16,118.13,2,2,3,7,6,66
10155,6,2024,426,55,98.45,120.9,2,0,0,2,1,33
10056,5,2027,414,57,87.5,109.44,0,0,0,0,0,46
10027,7,2024,268,6,77.49,97.49,0,2,0,2,2,8
10112,3,2026,434,12,52.56,91.48,2,0,0,2,1,8
10079,7,2025,706,14,93.57,135.02,0,0,0,0,0,20
10130,11,2026,655,13,64.14,78.9,0,0,0,0,0,6
10036,10,2025,355,8,85.18,122.92,0,1,1,2,1,1
10135,2,2026,245,1,147.22,190.0,1,0,0,1,1,4
10047,11,2026,278,1,141.65,190.0,0,1,0,1,1,1
10158,12,2026,277,12,76.22,117.46,0,1,4,5,3,10
10027,12,2025,268,6,93.82,118.26,2,0,0,2,1,4
10123,4,2027,194,3,100.27,134.2,0,3,2,5,3,6
10037,1,2025,273,4,133.18,160.86,1,0,2,3,2,5
10044,11,2024,187,10,106.27,124.45,1,0,0,1,1,18
10005,4,2025,184,18,84.48,114.05,0,1,0,1,1,24
10098,7,2026,238,151,95.23,116.84,1,0,1,2,1,84
10158,7,2024,277,12,61.48,83.97,0,0,0,0,0,17
10162,8,2025,863,25,100.31,120.04,2,4,2,8,4,38
10023,5,2025,159,54,91.12,110.02,0,0,0,0,0,52
10053,9,2025,224,16,88.39,122.95,0,1,0,1,1,13
10140,8,2025,672,95,71.48,101.36,0,0,1,1,1,111
10065,7,2027,518,222,103.35,117.19,5,4,2,11,7,214
10142,6,2024,918,1,145.7,180.53,0,0,1,1,1,7
10029,6,2026,904,40,93.2,121.82,3,1,0,4,2,33
10067,11,2024,683,43,113.53,127.64,2,5,0,7,5,64
10064,8,2025,340,8,94.18,113.74,0,0,1,1,0,13
10148,7,2025,491,57,90.51,112.28,1,4,0,5,4,55
10169,3,2026,425,21,73.89,79.2,2,0,1,3,1,29
10087,8,2025,809,10,83.8,100.96,3,2,0,5,3,7
10142,10,2025,918,5,99.53,125.68,0,5,0,5,2,9
10030,6,2025,243,21,144.11,186.42,0,8,0,8,7,28
10064,1,2025,340,7,101.65,121.2,0,1,3,4,3,3
10012,3,2026,423,9,85.0,95.24,0,0,0,0,0,9
10127,10,2024,510,15,48.83,89.8,0,0,8,8,5,13
10113,10,2025,309,3,111.59,152.93,3,0,0,3,1,4
10030,10,2025,243,34,78.28,106.39,0,1,2,3,2,35
10029,7,2027,904,29,87.83,115.06,0,0,0,0,0,23
10108,9,2025,647,9,121.75,134.38,1,0,0,1,1,10
10063,12,2026,605,8,62.42,104.19,0,0,1,1,1,3
10004,11,2024,564,18,84.23,92.92,0,1,0,1,0,13
10039,7,2024,691,41,94.28,122.92,2,0,1,3,3,36
10167,12,2026,804,37,80.24,105.86,0,0,1,1,1,24
10128,12,2024,746,314,91.37,103.57,0,0,0,0,0,264
10045,10,2024,725,30,82.78,94.3,0,1,0,1,1,25
10167,12,2024,804,49,72.71,98.1,0,0,3,3,2,72
10097,1,2026,544,6,71.47,83.06,0,2,2,4,4,4
10049,3,2026,145,380,108.59,130.54,19,41,0,60,33,177
10040,7,2026,729,4,117.5,143.37,2,4,1,7,4,4
10148,9,2026,491,50,69.85,102.83,0,5,2,7,5,63
10096,10,2026,592,4,102.16,117.13,0,0,0,0,0,8
10033,3,2024,95,15,60.62,94.21,2,3,5,10,5,19
10142,5,2024,918,2,105.75,146.36,1,2,0,3,2,1
10141,4,2025,910,17,94.8,124.37,1,0,0,1,1,16
10012,8,2025,423,9,84.39,112.62,1,0,1,2,1,9
10163,4,2024,782,6,61.74,67.47,4,4,0,8,6,4
10124,1,2027,177,8,84.57,94.72,0,0,2,2,1,14
10151,12,2025,99,133,93.56,111.15,0,0,0,0,0,96
10032,10,2024,410,169,105.29,135.01,5,9,0,14,13,142
10135,12,2024,245,3,88.43,99.72,0,0,0,0,0,1
10037,8,2026,273,2,92.61,130.27,0,0,0,0,0,1
10125,8,2027,862,10,103.1,132.87,1,3,2,6,3,9
10166,9,2024,134,5,93.45,113.37,0,5,2,7,5,10
10132,7,2024,662,35,96.12,112.37,0,6,4,10,7,28
10161,2,2025,614,8,101.36,137.81,3,3,1,7,6,8
10031,10,2024,881,70,86.24,121.42,0,0,0,0,0,59
10107,3,2027,885,18,66.69,73.62,1,1,1,3,3,24
10035,9,2025,335,12,99.7,121.76,0,6,0,6,5,13
10115,12,2024,399,28,87.6,112.02,4,0,2,6,4,27
10115,11,2025,399,36,134.69,172.99,8,14,0,22,19,41
10031,5,2026,881,113,78.74,91.91,2,3,0,5,3,119
10054,6,2025,871,191,103.04,113.41,2,17,0,19,12,163
10057,6,2026,274,36,81.7,105.26,0,0,0,0,0,28
10102,2,2026,654,4,116.75,144.2,0,1,1,2,1,3
10162,1,2026,863,19,73.4,99.87,0,0,1,1,1,17
10001,10,2025,682,6,104.47,152.93,2,0,0,2,2,4
10072,9,2024,859,132,64.77,92.56,0,0,35,35,25,114
10147,4,2024,471,20,75.67,114.26,3,0,2,5,4,19
10041,6,2025,327,11,98.99,117.96,0,1,0,1,1,9
10077,8,2024,219,248,78.95,117.47,4,1,0,5,4,344
10085,2,2026,297,4,103.56,143.38,0,1,0,1,1,3
10061,10,2025,854,110,93.41,115.74,2,0,0,2,1,102
10084,11,2026,607,11,100.64,130.57,1,0,0,1,1,7
10128,7,2025,746,156,91.98,106.04,0,0,0,0,0,98
10089,9,2025,840,9,72.2,80.5,0,0,4,4,3,8
10094,7,2026,257,13,96.52,117.02,0,0,0,0,0,12
10147,10,2024,471,25,93.45,102.48,2,3,0,5,2,29
10012,2,2026,423,9,94.05,104.49,0,1,1,2,1,7
10081,5,2024,768,2,96.91,117.12,1,0,1,2,1,2
10026,10,2024,115,8,85.07,99.82,0,0,1,1,1,10
10113,11,2025,309,3,122.31,169.3,3,1,2,6,3,1
10075,7,2026,735,6,102.65,130.64,1,0,1,2,1,2
10048,4,2026,655,80,107.12,122.58,0,10,0,10,8,79
10127,5,2025,510,16,69.55,95.73,5,0,0,5,3,21
10071,12,2024,540,27,79.4,86.28,2,0,1,3,1,36
10161,12,2025,614,11,90.45,106.29,0,0,0,0,0,12
10084,10,2025,607,12,63.67,83.89,0,1,0,1,1,8
10099,11,2026,532,10,89.47,111.99,0,2,0,2,2,13
10169,7,2025,425,27,83.26,113.51,0,0,0,0,0,24
10043,10,2024,187,7,115.01,161.03,1,7,0,8,7,9
10035,4,2026,335,7,91.74,129.92,0,0,2,2,1,6
10056,10,2026,414,82,91.58,107.57,0,5,3,8,4,80
10149,12,2024,722,47,61.76,93.1,0,0,10,10,8,66
10075,8,2026,735,5,106.89,119.38,0,0,0,0,0,10
10054,9,2026,871,147,81.57,109.61,2,0,0,2,2,122
10089,6,2024,840,6,76.08,85.67,0,0,0,0,0,10
10033,5,2025,95,11,80.94,94.46,0,2,3,5,4,8
10071,7,2024,540,21,74.27,98.07,0,4,0,4,2,25
10004,12,2025,564,25,74.84,102.39,0,5,2,7,6,37
10099,10,2026,532,8,115.99,147.93,2,5,2,9,8,5
10150,11,2025,534,47,125.38,159.34,3,17,1,21,14,54
10102,4,2027,654,3,70.96,104.54,0,2,1,3,1,4
10030,11,2024,243,30,75.23,105.13,0,0,0,0,0,24
10072,4,2025,859,85,105.21,124.75,1,7,0,8,5,84
10060,1,2026,192,16,99.99,143.17,1,0,0,1,1,19
10038,6,2025,221,12,91.09,127.05,2,0,2,4,3,6
10120,9,2025,378,10,91.39,110.73,0,2,1,3,2,8
10031,4,2025,881,94,79.99,112.05,0,3,0,3,2,106
10162,9,2024,863,14,76.18,86.3,1,0,1,2,1,10
10112,7,2024,434,10,47.68,52.46,3,0,8,11,9,4
10019,6,2025,488,19,76.51,92.82,2,0,0,2,1,11
10070,7,2024,469,9,109.13,142.73,0,2,0,2,1,7
10117,7,2024,484,14,57.44,62.31,0,2,3,5,3,13
10043,3,2025,187,12,82.9,119.99,0,0,1,1,1,11
10075,3,2026,735,6,108.57,148.35,1,0,0,1,1,8
10102,6,2025,654,5,79.42,95.49,0,0,1,1,0,2
10094,3,2026,257,12,91.11,105.28,1,0,3,4,2,13
10011,3,2026,866,47,96.28,105.88,2,0,3,5,4,58
10122,12,2025,593,11,86.26,121.33,1,0,0,1,0,14
10061,8,2025,854,126,88.04,115.19,0,0,3,3,2,121
10002,2,2025,847,4,76.75,117.7,0,2,0,2,1,4
10144,10,2025,189,19,92.1,105.06,0,0,0,0,0,14
10166,4,2026,134,6,70.52,102.36,0,3,1,4,3,4
10013,12,2025,838,16,94.3,102.77,0,1,0,1,1,9
10023,1,2024,159,35,79.45,93.86,0,1,1,2,1,9
10017,1,2025,559,121,111.23,141.71,14,17,0,31,24,105
10091,3,2024,140,16,66.71,81.39,0,3,2,5,3,13
10123,1,2025,194,11,87.8,111.71,1,0,2,3,3,12
10047,10,2026,278,1,152.11,190.0,1,0,0,1,1,3
10168,8,2025,102,270,82.55,101.36,0,0,2,2,1,262
10003,6,2025,290,112,103.74,109.17,2,5,0,7,4,51
10149,5,2025,722,45,105.49,121.08,0,3,1,4,3,33
10028,6,2026,164,2,94.47,141.22,0,2,0,2,1,5
10134,7,2026,124,1,91.78,101.67,0,1,1,2,1,1
10143,3,2025,727,49,87.5,131.42,0,1,0,1,1,45
10166,5,2024,134,5,69.83,91.22,0,3,0,3,2,4
10020,3,2025,119,74,64.04,86.56,0,0,17,17,8,53
10049,10,2024,145,378,76.04,88.44,0,0,0,0,0,380
10060,12,2024,192,16,99.04,119.36,0,1,3,4,3,13
10042,6,2025,626,16,86.0,114.28,0,0,0,0,0,7
10136,8,2025,854,106,115.6,156.06,7,32,0,39,21,91
10166,4,2025,134,6,88.41,125.58,0,0,0,0,0,11
10009,4,2026,655,175,78.45,94.79,0,2,0,2,2,137
10148,3,2024,491,32,84.45,116.31,1,2,2,5,4,29
10106,1,2025,697,7,80.58,88.88,1,0,0,1,0,1
10062,12,2024,286,4,90.46,117.51,0,4,0,4,3,1
10087,1,2025,809,9,74.17,79.6,0,0,0,0,0,15
10107,9,2024,885,10,86.47,113.36,0,6,3,9,8,11
10057,1,2025,274,22,111.67,152.6,4,2,0,6,5,17
10065,2,2027,518,230,102.96,146.52,12,9,4,25,17,380
10068,3,2026,851,71,124.7,165.45,4,22,1,27,15,67
10107,7,2024,885,9,92.19,109.01,0,1,2,3,3,10
10135,7,2025,245,2,98.31,127.4,0,0,0,0,0,3
10095,5,2026,270,16,83.88,104.53,2,0,0,2,1,17
10101,5,2025,469,27,89.05,121.98,2,0,1,3,1,23
10142,8,2025,918,4,96.48,111.8,0,0,0,0,0,10
10077,5,2026,219,297,91.12,127.65,12,1,0,13,11,353
10092,5,2025,321,24,76.95,87.54,2,1,2,5,3,16
10065,8,2027,518,210,98.99,118.27,2,7,3,12,10,300
10119,1,2026,887,13,93.3,118.71,2,0,1,3,2,13
10164,5,2024,498,21,119.92,160.81,3,1,0,4,3,21
10082,4,2027,860,76,93.44,115.01,1,0,1,2,1,71
10167,9,2025,804,55,95.66,138.25,1,1,2,4,2,51
10148,8,2024,491,38,73.84,87.3,0,2,1,3,1,56
10143,7,2025,727,42,89.64,113.95,0,0,0,0,0,34
10089,5,2025,840,7,73.43,97.32,0,0,0,0,0,7
10130,10,2024,655,9,105.87,121.27,0,4,3,7,4,6
10087,2,2025,809,11,76.05,102.44,0,2,0,2,2,9
10002,10,2026,847,4,75.02,80.4,0,1,1,2,1,6
10158,11,2026,277,13,61.32,101.33,0,3,0,3,2,11
10084,11,2025,607,12,93.01,125.78,0,0,1,1,0,18
10009,10,2026,655,119,99.83,122.72,0,7,3,10,8,124
10035,6,2025,335,15,85.19,106.64,1,4,1,6,4,12
10160,9,2024,592,35,94.76,110.32,2,2,1,5,4,35
10034,7,2025,383,31,96.5,119.76,0,0,0,0,0,27
10117,2,2025,484,16,91.72,132.14,1,1,0,2,2,21
10134,5,2024,124,1,118.89,167.93,1,1,1,3,1,1
10087,9,2024,809,5,102.38,139.07,1,0,1,2,2,4
10090,10,2024,422,7,119.37,136.32,0,4,4,8,6,11
10067,8,2026,683,71,123.56,176.55,6,23,4,33,19,39
10057,3,2025,274,21,129.92,168.93,2,16,0,18,11,29
10011,12,2025,866,43,103.97,145.77,4,4,0,8,5,25
10123,11,2025,194,9,94.81,131.92,0,0,0,0,0,4
10116,4,2026,631,14,83.02,97.8,0,0,0,0,0,14
10133,9,2025,566,106,89.75,114.8,0,0,1,1,1,122
10069,11,2025,570,121,77.14,91.43,0,0,1,1,1,56
10027,1,2026,268,5,121.45,145.42,1,2,1,4,3,5
10050,8,2025,750,164,121.54,158.31,6,52,0,58,46,72
10155,11,2026,426,41,89.39,109.41,0,1,0,1,1,39
10051,9,2024,536,60,85.66,90.8,0,0,0,0,0,42
10065,1,2028,518,200,122.21,137.83,0,40,0,40,29,233
10135,10,2026,245,2,77.91,102.26,1,0,2,3,2,1
10082,3,2026,860,106,102.89,140.67,4,4,1,9,6,119
10017,7,2024,559,101,132.6,183.63,9,38,0,47,23,65
10001,12,2025,682,4,132.82,178.53,0,1,0,1,0,5
10123,12,2024,194,11,65.44,74.56,1,0,1,2,2,12
10155,5,2024,426,71,48.04,83.88,0,0,26,26,23,27
10060,5,2025,192,23,91.63,105.53,1,0,0,1,1,18
10032,11,2025,410,219,79.13,102.62,0,6,0,6,5,190
10132,11,2025,662,59,107.72,133.47,4,7,2,13,11,55
10115,1,2028,399,34,117.0,157.08,3,5,0,8,5,35
10165,3,2026,864,33,74.33,96.12,0,1,3,4,2,25
10045,4,2027,725,21,91.04,134.83,2,0,1,3,2,19
10130,12,2026,655,11,58.15,72.45,0,3,1,4,4,7
10132,6,2026,662,61,69.1,85.08,1,0,7,8,6,22
10079,6,2026,706,15,85.46,114.22,0,0,3,3,1,12
10120,4,2025,378,14,99.88,136.86,2,0,0,2,1,17
10139,6,2024,498,43,92.68,120.74,1,1,0,2,2,23
10057,12,2025,274,26,117.52,154.14,1,8,1,10,5,25
10162,9,2026,863,22,82.71,122.54,0,0,3,3,1,31
10003,8,2024,290,58,68.39,79.11,0,1,6,7,6,46
10127,7,2026,510,13,79.76,84.28,1,2,0,3,2,18
10074,9,2027,717,13,95.89,151.92,0,1,0,1,1,19
10090,12,2027,422,7,116.89,171.81,2,4,0,6,4,11
10125,4,2026,862,21,86.01,93.52,0,4,1,5,4,20
10147,12,2024,471,23,83.55,89.9,0,1,0,1,1,31
10055,3,2025,145,25,88.87,94.79,0,1,2,3,3,29
10021,4,2025,164,380,96.2,133.15,3,3,0,6,3,225
10102,5,2025,654,6,100.18,116.36,1,1,2,4,2,5
10067,9,2025,683,77,125.88,152.17,5,35,1,41,27,65
10120,10,2024,378,15,66.48,90.61,0,0,2,2,1,25
10103,11,2025,561,2,78.25,87.65,2,2,1,5,2,2
10131,1,2026,446,12,93.53,107.55,0,2,0,2,2,14
10136,9,2025,854,100,67.75,107.34,0,0,13,13,10,37
10044,8,2024,187,12,68.33,94.75,2,0,2,4,3,11
10080,1,2025,639,208,67.35,76.04,0,0,24,24,20,77
10015,5,2027,454,15,66.87,86.1,0,0,3,3,1,13
10014,7,2026,128,14,79.01,97.23,0,1,0,1,1,9
10165,4,2026,864,30,81.68,107.21,1,0,0,1,0,41
10106,6,2025,697,6,103.03,142.06,0,0,0,0,0,12
10057,2,2024,274,28,85.97,127.76,2,1,0,3,3,17
10135,12,2026,245,2,78.88,91.71,1,0,2,3,2,1
10037,9,2024,273,6,93.01,126.91,0,0,0,0,0,4
10048,2,2025,655,84,77.04,86.01,0,1,3,4,2,54
10145,3,2025,863,7,107.24,121.23,1,6,1,8,3,7
10135,9,2025,245,2,105.3,125.16,0,1,0,1,1,1
10062,5,2024,286,4,93.83,121.44,3,0,0,3,2,1
10099,11,2024,532,12,80.96,112.92,0,0,0,0,0,12
10055,6,2025,145,20,112.2,125.24,1,0,3,4,3,24
10092,1,2024,321,21,91.92,102.63,2,0,0,2,2,14
10125,9,2025,862,18,105.38,125.5,0,2,0,2,2,10
10067,6,2025,683,72,88.59,116.94,1,0,0,1,1,40
10068,10,2024,851,55,88.26,116.2,3,0,0,3,3,63
10036,11,2024,355,6,96.21,117.73,0,1,0,1,1,6
10157,9,2026,786,2,104.22,148.65,0,0,0,0,0,5
10063,6,2026,605,10,91.93,106.45,0,0,0,0,0,14
10141,9,2027,910,17,78.44,106.83,0,0,0,0,0,12
10103,12,2025,561,1,130.79,166.46,1,0,0,1,1,5
10132,5,2026,662,62,88.91,119.42,5,3,1,9,8,74
10067,7,2025,683,67,92.3,110.22,1,0,2,3,1,95
10080,9,2025,639,300,96.5,120.45,3,1,2,6,3,197
10024,1,2026,549,277,105.14,128.97,10,36,0,46,37,257
10082,1,2027,860,95,72.73,88.48,0,5,5,10,6,107
10009,10,2024,655,159,47.06,57.75,0,2,46,48,42,190
10146,9,2024,105,6,111.38,156.48,2,4,0,6,3,9
10006,5,2025,455,47,97.41,141.72,4,5,3,12,6,51
10156,8,2024,175,7,110.95,157.75,0,0,0,0,0,12
10019,5,2026,488,22,101.33,106.76,0,1,1,2,1,20
10107,8,2026,885,23,93.0,97.46,0,0,2,2,1,34
10091,12,2024,140,23,86.58,93.48,0,0,0,0,0,28
10015,4,2027,454,19,68.05,72.15,2,0,2,4,4,15
10132,9,2025,662,43,105.36,115.26,2,7,0,9,5,37
10048,9,2025,655,91,77.44,87.22,0,0,0,0,0,122
10029,7,2026,904,38,106.88,143.43,1,7,5,13,9,26
10027,5,2025,268,6,98.12,107.81,2,1,0,3,2,9
10049,2,2026,145,380,88.63,116.44,5,1,0,6,3,353
10117,4,2027,484,14,97.06,139.58,2,1,2,5,5,14
10085,9,2025,297,7,85.23,107.39,1,3,3,7,4,4
10049,6,2024,145,226,114.54,120.75,3,36,22,61,28,232
10056,1,2027,414,65,74.3,108.11,0,0,5,5,4,99
10047,1,2025,278,4,83.8,125.86,0,0,1,1,1,6
10062,4,2024,286,3,78.42,89.2,0,2,0,2,2,2
10077,7,2027,219,245,51.54,78.06,0,0,78,78,47,256
10065,6,2025,518,249,116.92,137.71,7,71,0,78,61,282
10049,11,2025,145,380,96.96,114.12,1,0,0,1,0,380
10119,4,2026,887,7,98.46,127.0,0,3,0,3,2,8
10013,11,2024,838,8,73.94,79.32,0,1,0,1,0,14
10018,2,2026,175,218,104.23,124.89,5,5,1,11,6,181
10060,8,2025,192,22,82.46,123.86,0,0,0,0,0,31
10096,1,2025,592,11,90.87,132.42,0,0,0,0,0,10
10132,4,2027,662,44,76.06,106.2,0,1,1,2,1,49
10135,11,2024,245,5,87.01,98.17,1,0,1,2,1,1
10018,5,2026,175,176,68.94,101.35,1,3,11,15,13,235
10064,6,2025,340,10,109.1,144.4,2,0,2,4,3,9
10103,12,2027,561,3,66.89,75.95,0,0,0,0,0,4
10058,3,2025,304,173,95.18,124.28,5,5,2,12,8,263
10146,7,2024,105,6,107.27,143.48,0,2,0,2,2,9
10086,8,2026,139,17,78.01,100.14,4,0,0,4,2,14
10064,5,2024,340,7,91.67,122.07,0,2,0,2,1,4
10003,11,2026,290,142,88.69,109.27,0,0,0,0,0,112
10085,3,2025,297,8,114.78,156.69,0,0,0,0,0,6
10034,2,2025,383,19,109.85,145.28,3,0,0,3,2,28
10119,11,2025,887,18,92.51,99.52,1,0,0,1,1,26
10169,3,2025,425,27,111.12,143.96,2,0,0,2,1,23
10150,9,2024,534,42,128.26,166.26,3,23,0,26,12,45
10031,9,2025,881,138,87.04,112.39,1,5,0,6,5,147
10007,6,2024,303,32,83.74,107.08,0,3,1,4,3,11
10140,1,2028,672,75,81.77,116.66,1,2,0,3,3,40
10074,6,2027,717,13,103.75,142.95,1,0,1,2,1,7
10036,3,2026,355,3,131.73,158.01,0,1,1,2,1,1
10072,4,2026,859,97,87.6,115.02,0,0,1,1,1,92
10044,9,2025,187,16,65.42,81.62,2,0,4,6,3,16
10105,7,2026,301,11,87.41,127.03,1,0,1,2,2,12
10014,10,2026,128,12,70.55,100.23,0,0,0,0,0,10
10138,4,2026,592,21,75.63,89.94,1,1,1,3,2,15
10130,8,2026,655,13,75.88,117.53,0,1,0,1,1,12
10010,6,2024,809,8,84.11,93.72,0,5,1,6,5,9
10022,6,2024,626,14,70.69,80.31,0,0,0,0,0,11
10124,12,2025,177,7,88.39,102.35,0,1,2,3,2,9
10021,9,2024,164,237,107.54,141.03,9,34,2,45,24,288
10122,1,2027,593,6,83.5,111.82,0,0,0,0,0,6
10150,10,2025,534,48,103.11,146.37,1,2,2,5,2,46
10082,5,2026,860,102,102.85,119.68,3,10,0,13,11,109
10151,4,2026,99,119,79.56,103.0,0,4,1,5,3,88
10078,7,2026,555,55,112.97,131.96,2,8,1,11,6,65
10009,5,2026,655,155,58.55,86.3,0,1,44,45,37,164
10028,7,2024,164,3,68.51,103.52,1,3,0,4,2,1
10029,12,2024,904,19,89.37,131.05,0,0,1,1,1,16
10002,9,2025,847,4,88.81,113.05,0,0,3,3,2,7
10085,10,2026,297,1,132.11,186.83,1,1,1,3,1,5
10160,2,2025,592,45,104.99,147.23,2,3,4,9,4,22
10069,6,2025,570,95,98.5,134.97,1,4,2,7,5,137
10078,1,2026,555,50,123.12,143.84,2,17,0,19,16,78
10008,7,2024,140,29,71.27,111.77,0,1,0,1,1,53
10079,12,2024,706,11,69.39,90.44,0,0,2,2,1,10
10111,9,2024,146,7,94.58,122.13,0,3,1,4,3,13
10004,10,2027,564,38,47.01,67.69,0,0,17,17,14,37
10168,2,2026,102,239,100.47,118.75,4,13,0,17,15,317
10124,3,2025,177,11,102.03,126.86,2,1,0,3,2,12
10127,12,2024,510,16,100.27,111.27,0,1,0,1,1,27
10084,5,2026,607,11,99.74,112.93,1,2,0,3,1,11
10000,6,2026,605,30,74.16,111.02,0,1,0,1,1,13
10125,12,2025,862,22,91.04,115.31,0,6,3,9,5,20
10163,7,2024,782,5,64.92,102.67,0,0,1,1,1,10
10006,4,2025,455,53,84.6,122.18,2,0,5,7,4,44
10139,3,2025,498,80,86.28,106.37,0,0,0,0,0,116
10087,5,2027,809,11,43.93,56.5,0,1,2,3,2,11
10079,11,2025,706,17,90.5,110.76,1,0,0,1,1,11
10009,5,2025,655,165,78.97,108.13,0,0,1,1,1,214
10029,5,2024,904,16,86.35,122.08,1,1,2,4,3,11
10122,4,2026,593,12,89.66,105.67,2,0,0,2,2,9
10142,12,2024,918,4,88.29,123.0,1,0,4,5,2,6
10090,7,2027,422,9,118.88,145.12,0,2,0,2,1,7
10134,11,2026,124,2,58.42,70.58,1,2,0,3,2,1
10137,6,2024,630,188,74.68,114.54,0,0,3,3,2,172
10073,2,2025,689,9,98.49,122.58,1,3,0,4,3,10
10096,4,2025,592,9,85.93,115.21,3,1,3,7,4,9
10151,11,2024,99,114,95.48,131.56,2,0,0,2,1,169
10162,11,2026,863,23,73.93,111.45,2,0,2,4,4,13
10079,11,2024,706,10,66.34,107.63,0,0,0,0,0,19
10100,10,2024,850,13,88.25,94.73,0,3,0,3,2,13
10094,8,2024,257,11,97.78,125.89,0,3,0,3,2,11
10017,4,2026,559,166,113.66,153.62,13,42,0,55,34,214
10044,7,2026,187,16,94.68,115.22,0,0,0,0,0,12
10059,8,2025,918,29,96.97,121.88,1,0,1,2,1,30
10168,1,2026,102,281,59.55,93.67,0,2,29,31,28,165
10030,7,2025,243,23,130.87,160.29,3,10,1,14,10,31
10038,10,2024,221,6,88.05,125.1,0,0,0,0,0,2
10157,6,2025,786,5,88.77,127.04,0,1,1,2,1,1
10007,3,2025,303,42,97.25,110.12,0,2,2,4,3,82
10029,2,2026,904,40,73.73,91.91,0,1,0,1,1,65
10077,4,2025,219,297,81.77,100.7,0,1,1,2,2,332
10149,6,2024,722,38,95.99,129.81,1,1,0,2,2,37
10109,4,2026,200,10,82.4,108.67,1,0,2,3,2,12
10150,7,2024,534,44,66.93,90.26,1,3,4,8,6,15
10052,11,2025,319,9,65.59,82.01,0,0,0,0,0,16
10129,6,2026,339,5,102.83,130.09,1,2,0,3,2,8
10151,9,2024,99,83,126.28,162.01,9,38,1,48,42,54
10062,5,2025,286,4,108.12,147.18,0,1,0,1,1,3
10065,12,2026,518,213,130.87,177.09,8,48,2,58,53,155
10020,10,2024,119,43,94.13,114.77,0,0,4,4,2,68
10091,10,2025,140,27,62.0,69.59,0,3,7,10,8,31
10029,7,2024,904,16,79.29,102.38,3,2,1,6,3,20
10157,10,2024,786,1,113.64,149.43,0,1,0,1,1,5
10047,12,2026,278,2,126.44,158.6,1,0,1,2,2,1
10157,2,2028,786,2,55.6,69.43,2,0,0,2,1,1
10094,5,2025,257,12,104.05,134.95,0,2,1,3,2,21
10129,3,2025,339,10,109.32,138.61,0,0,0,0,0,17
10061,9,2025,854,135,85.16,125.75,5,0,1,6,5,103
10082,6,2024,860,71,74.64,85.0,0,0,0,0,0,62
10015,2,2026,454,23,89.43,120.37,0,4,0,4,3,27
10148,3,2025,491,59,81.6,106.94,1,0,0,1,1,34
10140,12,2027,672,88,102.5,114.22,0,4,0,4,2,47
10158,1,2028,277,7,85.39,118.58,0,0,0,0,0,15
10117,1,2026,484,16,113.15,138.45,0,2,3,5,4,24
10135,9,2026,245,3,42.0,76.82,0,2,3,5,3,3
10035,10,2025,335,11,129.19,163.25,0,8,0,8,6,19
10120,6,2025,378,12,100.27,134.9,0,0,1,1,1,8
10055,2,2026,145,13,95.04,111.29,0,0,3,3,3,13
10116,10,2024,631,13,70.62,109.56,1,2,0,3,1,14
10071,6,2025,540,29,83.01,96.71,2,1,0,3,2,30
10158,1,2027,277,13,99.63,112.31,0,3,0,3,2,11
10022,8,2026,626,16,88.59,104.33,1,0,0,1,1,22
10023,12,2025,159,38,80.97,103.93,3,1,0,4,3,26
10090,10,2026,422,14,104.79,141.78,0,3,1,4,3,13
10158,9,2024,277,10,85.6,106.17,2,0,1,3,2,11
10159,1,2027,165,58,94.61,118.11,0,0,0,0,0,80
10055,7,2027,145,10,68.51,90.92,0,2,0,2,1,8
10004,10,2026,564,30,86.72,111.12,1,4,1,6,3,16
10128,5,2024,746,241,77.32,104.64,0,1,1,2,1,190
10106,6,2024,697,8,112.99,159.19,2,3,1,6,4,6
10055,7,2024,145,21,80.18,105.11,0,0,0,0,0,12
10141,5,2026,910,22,91.61,112.71,1,0,0,1,1,33
10040,1,2026,729,3,135.5,173.54,0,1,2,3,2,3
10035,11,2025,335,14,121.42,157.84,1,9,3,13,7,19
10093,9,2025,510,14,75.75,103.03,1,3,0,4,2,9
10090,1,2026,422,10,116.66,143.0,0,1,2,3,2,17
10090,6,2027,422,13,95.4,115.82,4,0,0,4,4,9
10013,5,2025,838,12,79.21,114.5,2,0,1,3,1,15
10038,3,2026,221,10,105.34,120.57,0,0,0,0,0,9
10074,10,2026,717,30,113.92,135.23,0,6,0,6,4,23
10064,8,2026,340,6,88.05,109.99,0,0,1,1,1,3
10015,3,2025,454,23,114.54,144.22,5,2,0,7,4,22
10093,2,2027,510,13,91.4,118.63,2,1,2,5,2,14
10064,4,2026,340,10,91.38,100.78,0,0,1,1,1,12
10162,4,2025,863,20,81.29,98.87,0,3,0,3,2,26
10051,11,2024,536,40,86.64,126.33,0,0,1,1,1,20
10016,11,2024,101,331,113.57,155.94,7,122,1,130,57,332
10009,2,2027,655,127,73.13,114.69,3,0,4,7,6,153
10146,2,2025,105,9,47.11,83.29,0,3,6,9,6,13
10017,12,2026,559,58,112.82,157.25,9,6,0,15,11,50
10152,8,2024,639,6,91.0,103.64,0,5,1,6,5,4
10085,2,2027,297,2,118.72,174.5,1,1,0,2,1,2
10103,2,2026,561,2,89.38,102.77,0,0,0,0,0,1
10141,2,2027,910,20,50.77,81.61,0,2,10,12,9,10
10015,7,2024,454,14,84.21,92.25,0,2,0,2,1,10
10158,8,2026,277,12,106.23,144.57,0,0,1,1,0,14
10133,10,2024,566,87,78.76,96.2,0,0,0,0,0,118
10048,11,2025,655,95,98.54,138.01,8,0,0,8,4,103
10014,4,2025,128,13,74.82,81.19,1,2,2,5,2,19
10070,9,2024,469,9,86.62,108.36,0,2,0,2,1,9
10074,9,2026,717,28,84.24,113.56,0,0,0,0,0,31
10015,9,2024,454,15,97.54,117.49,2,1,0,3,2,18
10028,2,2026,164,6,114.2,130.13,3,3,1,7,5,4
10127,1,2027,510,9,68.22,82.04,3,0,0,3,2,10
10151,9,2025,99,164,89.03,97.98,1,0,3,4,3,151
10160,7,2025,592,48,93.11,121.37,2,2,0,4,2,43
10074,11,2024,717,31,89.19,111.85,0,0,1,1,1,32
10016,7,2025,101,380,103.41,140.22,8,23,1,32,26,261
10042,3,2026,626,16,74.0,86.98,0,0,0,0,0,16
10075,2,2026,735,7,94.09,125.5,1,0,0,1,0,9
10015,5,2026,454,35,90.66,109.36,0,0,0,0,0,30
10127,7,2024,510,19,73.64,97.62,0,0,1,1,1,15
10141,5,2027,910,19,66.83,89.56,0,4,6,10,4,22
10146,8,2025,105,12,98.33,121.41,1,2,1,4,3,6
10027,8,2025,268,7,103.54,128.21,1,0,4,5,2,6
10074,2,2024,717,36,65.07,92.42,0,0,8,8,4,47
10085,6,2024,297,7,78.26,104.23,0,0,0,0,0,10
10097,4,2025,544,3,105.7,139.69,1,0,2,3,2,3
10056,6,2025,414,76,102.51,112.62,5,9,0,14,11,77
10060,8,2024,192,13,95.93,119.06,0,0,1,1,1,16
10127,6,2024,510,18,88.58,123.69,0,0,0,0,0,29
10164,1,2027,498,60,69.65,88.54,0,0,9,9,8,19
10096,2,2025,592,10,87.1,93.9,0,0,0,0,0,10
10002,4,2026,847,4,61.27,97.84,0,3,0,3,2,9
10097,7,2024,544,3,90.24,116.53,1,1,0,2,1,4
10119,8,2025,887,13,82.39,93.53,0,0,0,0,0,18
10082,4,2025,860,87,97.26,129.25,1,0,0,1,1,98
10062,6,2025,286,3,98.17,129.91,0,3,2,5,3,6
10095,4,2025,270,14,126.06,151.22,1,4,0,5,4,16
10079,1,2025,706,10,87.61,126.4,0,0,0,0,0,11
10152,7,2026,639,6,121.95,143.0,0,1,2,3,2,6
10007,7,2026,303,65,77.48,96.32,0,0,0,0,0,93
10100,4,2025,850,11,93.0,117.6,0,0,0,0,0,6
10089,12,2025,840,7,80.42,111.83,0,0,0,0,0,6
10022,5,2025,626,14,93.63,141.07,1,0,1,2,1,15
10083,5,2026,131,64,107.74,116.99,0,3,0,3,2,64
10047,7,2025,278,4,96.41,121.66,0,0,0,0,0,1
10088,4,2025,535,2,74.12,102.22,0,0,1,1,1,6
10103,12,2024,561,1,96.33,115.87,0,0,0,0,0,1
10159,8,2026,165,91,73.77,105.96,0,0,4,4,2,103
10099,4,2026,532,11,90.35,120.71,1,1,3,5,3,11
10076,9,2025,327,41,62.78,71.82,0,0,11,11,8,47
10019,1,2026,488,24,74.82,98.43,0,0,1,1,1,29
10037,5,2025,273,7,111.29,128.6,1,1,0,2,1,7
10016,2,2025,101,380,90.89,99.85,2,0,0,2,1,245
10148,12,2026,491,42,86.7,103.23,2,0,0,2,1,58
10057,3,2027,274,14,90.68,126.77,0,2,0,2,1,14
10015,11,2025,454,21,94.19,124.92,1,4,3,8,7,24
10048,5,2024,655,59,73.1,100.04,0,5,7,12,7,55
10044,9,2024,187,12,62.68,91.43,1,0,1,2,1,8
10160,3,2025,592,38,112.69,132.66,1,3,1,5,4,36
10125,3,2024,862,14,70.74,96.77,1,0,0,1,1,12
10069,2,2026,570,61,71.92,88.43,1,0,3,4,3,52
10007,5,2024,303,38,108.24,119.49,1,0,2,3,3,39
10033,9,2024,95,10,106.73,140.27,0,1,0,1,1,6
10014,10,2024,128,10,92.89,134.95,1,0,0,1,1,9
10111,10,2024,146,10,84.56,88.81,0,0,0,0,0,9
10145,12,2024,863,10,77.01,103.06,0,0,0,0,0,7
10056,12,2025,414,87,96.39,107.7,1,1,4,6,4,82
10081,1,2025,768,3,121.39,144.08,0,0,1,1,1,4
10116,6,2026,631,11,87.72,116.53,0,2,0,2,1,11
10132,8,2025,662,40,86.88,100.51,0,0,1,1,1,43
10139,2,2025,498,74,92.98,129.25,2,0,0,2,1,44
10069,3,2026,570,62,101.28,125.09,2,3,0,5,2,64
10028,7,2025,164,6,92.1,96.39,0,0,4,4,3,1
10050,12,2024,750,121,95.7,128.81,2,2,1,5,4,128
10115,11,2027,399,39,112.16,134.24,3,2,0,5,4,57
10080,2,2027,639,125,72.12,108.31,2,3,7,12,11,145
10165,2,2025,864,68,69.17,87.31,0,2,7,9,6,65
10064,11,2025,340,10,119.14,134.88,0,9,1,10,6,12
10076,11,2025,327,44,68.05,92.32,1,0,8,9,8,38
10146,4,2025,105,10,96.86,112.01,0,0,0,0,0,11
10067,9,2024,683,44,78.78,120.71,1,6,0,7,5,57
10022,6,2026,626,16,110.33,132.65,0,5,0,5,3,13
10109,2,2025,200,14,60.24,64.77,3,1,0,4,2,21
10152,1,2025,639,5,127.77,142.41,0,0,2,2,1,8
10063,2,2027,605,6,71.1,111.52,0,0,4,4,2,4
10113,11,2024,309,3,85.36,108.27,0,2,0,2,1,3
10090,5,2026,422,14,88.58,117.05,0,2,0,2,1,5
10004,1,2025,564,14,114.3,132.38,0,0,1,1,1,14
10040,5,2025,729,6,106.72,120.91,0,2,0,2,1,6
10166,3,2026,134,8,69.88,96.53,0,0,1,1,1,9
10065,11,2026,518,203,109.28,127.05,8,34,2,44,38,235
10071,4,2024,540,16,86.08,127.04,0,0,1,1,1,19
10164,3,2025,498,48,88.08,112.73,1,0,0,1,1,15
10037,5,2026,273,6,79.0,90.97,0,0,0,0,0,10
10061,6,2025,854,156,96.35,106.94,7,1,0,8,6,178
10052,7,2024,319,5,106.94,142.22,1,4,2,7,5,4
10167,1,2027,804,32,117.82,154.94,3,11,1,15,7,17
10109,2,2026,200,14,78.15,112.07,0,0,4,4,2,15
10098,1,2027,238,156,82.17,114.01,1,0,3,4,2,96
10131,4,2026,446,10,92.37,119.84,0,2,0,2,2,9
10020,5,2025,119,76,106.36,133.33,3,11,0,14,6,100
10118,2,2024,692,13,74.17,116.82,0,6,1,7,5,9
10084,2,2027,607,9,86.22,127.54,0,0,0,0,0,11
10129,6,2025,339,10,107.39,137.05,0,2,2,4,3,5
10029,3,2026,904,48,74.12,79.43,0,0,1,1,1,45
10004,10,2024,564,17,91.67,134.44,1,2,1,4,3,13
10123,3,2026,194,8,93.41,135.03,1,0,0,1,1,6
10014,12,2025,128,16,98.49,109.55,2,1,0,3,2,7
10109,7,2025,200,12,64.79,106.73,0,3,2,5,5,10
10047,8,2026,278,1,158.0,190.0,1,1,0,2,1,1
10029,8,2026,904,41,120.15,161.7,0,22,3,25,18,40
10033,3,2025,95,9,99.88,134.88,3,0,0,3,2,13
10056,11,2024,414,43,110.72,138.65,0,11,2,13,9,13
10132,2,2026,662,59,54.15,62.07,0,0,9,9,6,52
10062,10,2025,286,2,101.06,116.12,2,1,0,3,2,1
10082,1,2026,860,114,105.95,146.11,8,17,0,25,11,125
10099,7,2024,532,12,49.8,67.09,1,0,5,6,4,6
10074,1,2027,717,23,85.76,125.75,2,0,0,2,1,22
10137,3,2025,630,180,91.09,133.17,6,0,0,6,3,203
10126,3,2026,565,3,69.83,110.64,0,2,1,3,2,4
10080,12,2024,639,182,57.59,63.5,3,0,60,63,40,282
10099,1,2026,532,8,95.12,122.93,2,0,0,2,2,11
10045,8,2025,725,41,65.87,83.44,0,0,5,5,4,44
10098,11,2027,238,104,64.22,95.27,1,2,17,20,13,152
10158,1,2025,277,10,83.22,105.51,2,2,0,4,4,11
10046,4,2026,221,18,69.18,75.96,0,0,0,0,0,18
10066,9,2025,132,106,68.1,106.86,1,0,9,10,6,121
10109,11,2024,200,12,87.37,94.06,0,2,3,5,4,10
10079,9,2024,706,8,85.48,95.19,0,0,0,0,0,6
10138,8,2026,592,14,85.22,100.35,0,3,0,3,2,13
10047,7,2024,278,3,91.97,100.66,1,2,0,3,2,1
10004,9,2026,564,34,79.35,128.14,2,0,3,5,2,30
10145,6,2026,863,12,91.76,130.21,1,2,0,3,2,17
10107,6,2025,885,16,100.05,116.47,1,0,0,1,1,23
10058,7,2024,304,123,100.03,136.16,7,10,0,17,9,148
10120,2,2025,378,11,94.7,115.09,0,3,1,4,3,6
10084,10,2024,607,8,104.44,115.16,2,1,0,3,2,10
10040,8,2024,729,4,78.35,95.95,1,2,0,3,3,5
10068,2,2026,851,65,75.03,89.83,1,1,2,4,3,75
10138,1,2024,592,13,96.06,114.26,2,2,0,4,2,18
10096,5,2026,592,7,135.48,160.6,0,0,0,0,0,8
10113,4,2025,309,3,101.11,109.98,0,0,0,0,0,5
10006,8,2025,455,36,77.2,94.28,0,0,1,1,1,48
10150,4,2025,534,45,98.33,119.81,0,2,3,5,4,78
10050,2,2025,750,143,96.91,124.88,4,2,1,7,6,70
10098,10,2027,238,99,69.8,99.73,0,0,2,2,1,113
10050,3,2026,750,125,99.24,114.42,1,8,12,21,11,160
10121,11,2024,305,380,77.61,87.98,39,4,1,44,21,380
10081,8,2025,768,2,110.56,146.79,1,0,2,3,2,4
10115,3,2026,399,42,122.08,140.79,1,9,1,11,6,34
10155,1,2026,426,59,85.44,105.05,0,0,3,3,2,52
10080,2,2024,639,164,82.12,96.24,0,0,1,1,1,94
10131,1,2025,446,8,105.81,145.44,0,3,7,10,8,11
10164,8,2027,498,44,80.64,100.58,1,0,0,1,0,54
10042,12,2024,626,8,79.31,111.07,0,0,0,0,0,9
10038,9,2025,221,9,114.43,159.2,1,3,0,4,3,7
10066,8,2025,132,93,91.97,104.09,0,0,0,0,0,155
10153,1,2026,93,17,78.77,100.38,0,0,0,0,0,14
10003,11,2024,290,50,97.94,135.98,3,1,0,4,2,76
10132,11,2026,662,66,111.47,125.72,3,10,0,13,6,77
10035,2,2026,335,9,88.86,117.75,2,0,1,3,1,8
10022,5,2026,626,15,121.2,164.55,2,5,2,9,4,3
10154,8,2024,199,73,75.96,102.12,0,0,2,2,2,60
10101,12,2024,469,16,103.93,128.64,0,0,0,0,0,9
10068,1,2026,851,70,104.07,133.24,6,5,3,14,9,69
10011,9,2025,866,53,101.27,118.81,4,3,0,7,3,56
10064,9,2026,340,6,88.53,127.87,1,5,0,6,3,11
10163,10,2025,782,8,101.64,135.93,2,0,0,2,1,4
10095,8,2027,270,8,82.08,93.17,0,0,0,0,0,7
10076,5,2025,327,42,96.68,109.38,5,2,7,14,8,25
10075,9,2026,735,6,84.47,108.36,0,1,0,1,0,2
10114,12,2025,649,13,114.26,139.22,1,5,2,8,7,14
10038,12,2024,221,8,90.46,108.75,3,0,1,4,2,7
10034,2,2026,383,23,85.53,115.25,0,7,0,7,6,37
10138,7,2024,592,15,89.58,128.28,2,0,1,3,2,13
10108,8,2025,647,8,104.55,138.77,0,4,0,4,2,12
10142,4,2026,918,5,88.3,121.38,0,1,0,1,1,1
10050,6,2024,750,98,124.42,156.12,9,25,0,34,19,91
10055,11,2027,145,10,95.1,117.18,2,0,3,5,3,9
10127,3,2027,510,10,63.98,77.45,0,2,0,2,2,4
10158,4,2026,277,11,103.68,129.07,1,3,0,4,2,19
10056,10,2025,414,78,76.36,111.79,2,0,2,4,3,119
10114,6,2025,649,10,92.2,105.66,0,1,0,1,0,11
10018,6,2025,175,258,86.16,118.59,3,0,0,3,2,127
10166,8,2026,134,3,78.55,112.19,0,0,1,1,1,7
10102,9,2026,654,5,69.26,81.0,1,1,1,3,2,5
10015,9,2026,454,21,88.0,130.58,1,5,1,7,5,19
10072,3,2026,859,107,101.52,133.34,4,6,0,10,7,99
10029,11,2026,904,47,62.02,90.85,1,0,6,7,6,60
10016,11,2025,101,380,121.37,166.37,26,64,1,91,78,322
10159,9,2026,165,79,89.19,106.05,0,1,0,1,1,72
10140,7,2027,672,155,97.54,125.04,3,1,0,4,3,47
10039,12,2025,691,80,80.48,106.27,0,3,2,5,3,67
10094,2,2024,257,10,96.0,104.47,0,0,1,1,0,11
10007,1,2027,303,48,91.37,104.85,0,2,0,2,1,40
10038,7,2027,221,10,78.52,104.84,0,0,3,3,2,12
10073,12,2025,689,12,84.36,103.88,0,0,1,1,1,8
10017,8,2026,559,98,93.58,106.7,3,4,3,10,5,61
10092,11,2024,321,22,111.32,149.55,1,1,0,2,2,24
10150,12,2024,534,43,113.34,141.15,0,5,2,7,4,24
10151,3,2025,99,146,95.88,104.01,0,0,2,2,1,203
10032,9,2024,410,139,96.59,121.09,0,2,4,6,4,155
10149,5,2024,722,35,101.24,137.23,2,2,1,5,2,35
10107,5,2024,885,8,100.84,110.32,0,1,1,2,1,8
10060,12,2025,192,16,77.22,106.28,0,0,0,0,0,13
10009,6,2026,655,141,95.9,122.7,4,0,2,6,4,97
10070,3,2024,469,8,78.99,95.53,0,0,0,0,0,8
10094,3,2025,257,11,86.83,98.38,0,0,0,0,0,15
10167,5,2026,804,44,109.98,130.87,3,5,0,8,4,44
10157,3,2025,786,4,78.13,114.63,0,3,0,3,1,1
10007,10,2026,303,57,88.93,110.0,0,0,0,0,0,38
10133,3,2025,566,118,89.65,106.9,0,3,0,3,2,114
10053,7,2025,224,22,64.94,72.49,1,0,4,5,3,17
10160,6,2025,592,50,88.26,131.93,5,0,0,5,3,60
10114,11,2025,649,13,83.45,127.79,0,2,1,3,2,14
10150,10,2024,534,40,91.33,112.62,0,0,3,3,2,46
10087,10,2027,809,9,84.34,91.03,0,1,1,2,2,9
10139,8,2024,498,41,68.48,83.66,0,0,3,3,2,46
10030,4,2025,243,22,140.38,190.0,2,13,0,15,8,27
10138,6,2026,592,18,85.19,98.41,0,1,1,2,1,9
10049,1,2025,145,380,74.02,110.48,3,2,11,16,14,301
10007,6,2026,303,69,86.65,128.63,2,6,1,9,6,79
10088,1,2025,535,4,86.03,109.32,0,0,3,3,2,1
10149,11,2024,722,56,81.45,88.9,0,0,0,0,0,41
10116,9,2026,631,13,87.83,94.03,0,0,0,0,0,10
10115,5,2025,399,42,102.82,144.57,1,0,0,1,1,50
10146,11,2026,105,5,108.63,134.4,0,1,1,2,2,7
10114,10,2025,649,12,81.2,117.02,0,0,2,2,2,15
10046,5,2024,221,11,61.98,92.28,1,2,2,5,4,12
10136,1,2025,854,75,92.82,134.07,2,2,0,4,3,110
10014,6,2025,128,15,97.33,138.17,0,0,0,0,0,17
10087,12,2026,809,11,82.1,95.54,1,0,1,2,1,20
10117,5,2026,484,18,123.14,149.11,2,11,0,13,11,19
10085,2,2025,297,6,107.23,136.41,0,6,1,7,3,8
10083,4,2025,131,66,89.25,103.38,0,0,1,1,1,74
10010,4,2025,809,10,76.55,96.95,0,0,0,0,0,5
10107,3,2025,885,12,103.75,129.79,2,5,3,10,9,11
10010,9,2025,809,8,88.35,97.37,2,1,0,3,2,11
10134,1,2027,124,3,74.24,109.78,1,3,0,4,2,2
10034,10,2025,383,30,91.34,98.7,0,0,2,2,2,40
10055,6,2026,145,14,94.9,118.99,0,0,0,0,0,10
10097,11,2024,544,4,87.93,128.59,1,0,1,2,1,8
10008,6,2024,140,29,96.87,130.52,2,3,1,6,5,14
10105,11,2026,301,8,91.92,123.47,2,2,1,5,3,8
10013,10,2025,838,17,81.5,90.57,0,0,0,0,0,17
10116,1,2025,631,16,80.11,89.65,0,0,0,0,0,11
10118,5,2024,692,12,83.56,100.94,1,0,0,1,1,14
10144,6,2024,189,10,84.32,109.86,2,4,0,6,3,8
10047,5,2025,278,5,92.17,105.54,0,0,0,0,0,9
10012,5,2024,423,3,98.39,118.32,1,0,1,2,1,5
10115,10,2025,399,32,116.4,148.58,5,13,1,19,11,39
10167,11,2025,804,57,103.49,116.02,0,2,1,3,3,64
10042,4,2027,626,11,103.47,143.23,1,2,0,3,2,11
10169,5,2025,425,21,70.33,107.71,0,2,2,4,3,27
10054,1,2026,871,171,72.37,77.05,0,1,5,6,5,171
10044,12,2025,187,16,89.21,126.44,1,2,0,3,2,20
10106,11,2024,697,7,97.9,107.8,2,2,1,5,3,8
10097,5,2025,544,5,70.8,104.71,0,0,0,0,0,5
10016,12,2024,101,380,100.92,141.69,13,18,3,34,22,325
10168,4,2026,102,256,112.41,156.77,34,57,1,92,44,273
10162,9,2025,863,26,62.26,77.27,1,0,4,5,2,25
10117,12,2024,484,14,95.22,129.32,0,1,1,2,2,24
10122,8,2024,593,10,86.58,123.49,1,0,1,2,2,7
10049,4,2026,145,339,87.98,114.71,2,2,0,4,2,380
10085,8,2024,297,7,91.62,109.09,0,0,1,1,1,1
10045,6,2027,725,14,71.55,94.1,0,0,4,4,2,5
10005,2,2027,184,15,81.93,115.16,1,1,1,3,2,16
10118,11,2024,692,19,92.38,128.05,0,0,2,2,1,5
10065,8,2026,518,201,105.22,156.76,25,25,2,52,27,369
10033,10,2025,95,11,101.36,143.58,0,3,4,7,6,1
10155,8,2024,426,32,88.0,113.13,1,3,0,4,2,29
10134,8,2025,124,2,103.23,130.16,0,2,0,2,1,2
10049,8,2026,145,265,55.55,94.66,2,9,86,97,41,208
10154,5,2026,199,104,93.38,131.17,7,0,2,9,7,43
10108,11,2024,647,12,87.57,93.59,0,0,0,0,0,17
10092,3,2024,321,13,94.59,106.04,0,0,0,0,0,17
10058,10,2025,304,196,73.05,103.27,6,0,6,12,10,112
10007,12,2026,303,47,83.93,98.91,0,4,1,5,4,51
10130,2,2027,655,8,104.46,125.04,0,0,2,2,2,13
10005,1,2027,184,13,89.87,127.02,1,2,2,5,2,13
10067,10,2025,683,64,113.2,148.51,5,14,0,19,13,68
10133,12,2025,566,104,60.92,96.44,0,0,28,28,17,91
10155,9,2024,426,30,100.19,116.11,0,2,0,2,2,33
10067,2,2025,683,51,114.0,142.89,2,7,0,9,7,49
10019,2,2025,488,17,89.22,123.1,2,0,0,2,2,20
10094,12,2025,257,15,99.7,103.85,0,0,1,1,1,15
10163,5,2024,782,4,72.85,92.72,1,0,2,3,1,5
10154,12,2024,199,121,97.01,117.98,3,1,0,4,2,143
10068,7,2025,851,72,101.93,123.99,1,7,1,9,8,42
10157,8,2026,786,2,108.54,146.64,0,1,0,1,1,5
10052,2,2026,319,6,95.12,135.57,2,1,2,5,4,5
10066,3,2025,132,97,99.65,117.39,1,1,0,2,1,123
10059,5,2025,918,31,103.7,120.14,0,2,3,5,3,19
10103,8,2027,561,2,64.34,95.75,2,0,2,4,2,2
10069,4,2025,570,64,89.21,100.64,0,0,0,0,0,98
10019,7,2026,488,25,97.22,114.84,2,2,0,4,2,37
10045,4,2025,725,28,102.56,136.5,2,3,0,5,3,26
10038,7,2024,221,9,86.68,105.97,0,0,2,2,1,10
10101,2,2026,469,14,93.06,113.87,0,4,0,4,3,8
10003,6,2026,290,138,73.54,93.31,0,0,2,2,2,177
10059,5,2026,918,30,45.36,62.9,0,0,5,5,3,25
10022,2,2025,626,13,96.27,126.92,1,3,0,4,2,14
10053,6,2026,224,23,85.57,122.37,3,4,0,7,5,12
10015,4,2025,454,19,115.35,130.11,0,6,0,6,5,19
10008,5,2026,140,30,102.38,131.54,4,3,2,9,7,32
10016,5,2025,101,380,107.13,130.85,19,48,0,67,35,380
10136,4,2025,854,99,55.89,65.26,0,0,20,20,13,114
10144,2,2026,189,19,66.7,89.58,0,1,2,3,2,23
10021,7,2025,164,380,106.27,129.94,6,57,1,64,56,323
10164,8,2025,498,37,90.36,108.69,0,0,1,1,0,31
10125,7,2026,862,19,98.99,111.1,0,2,2,4,3,18
10145,1,2026,863,10,89.01,100.28,0,0,0,0,0,8
10162,6,2026,863,22,80.28,94.32,2,0,0,2,2,15
10083,4,2024,131,53,86.51,116.37,0,1,1,2,1,94
10168,6,2026,102,333,115.31,140.37,15,57,0,72,64,267
10146,3,2025,105,12,88.3,115.4,0,2,0,2,2,13
10123,5,2024,194,9,78.08,102.3,0,0,1,1,0,9
10014,3,2025,128,11,96.04,147.88,0,3,3,6,4,20
10148,7,2026,491,69,91.79,102.77,0,4,1,5,3,65
10146,2,2024,105,5,84.38,113.67,0,4,0,4,2,7
10022,3,2025,626,13,107.27,134.16,2,2,1,5,4,14
10093,10,2024,510,9,80.33,99.97,0,0,3,3,1,12
10001,9,2025,682,6,117.5,162.98,0,2,0,2,1,11
10158,6,2025,277,14,87.37,120.04,0,0,3,3,2,13
10066,7,2024,132,52,102.61,113.83,1,5,0,6,5,70
10130,2,2024,655,6,89.46,108.28,0,0,1,1,1,5
10042,1,2028,626,7,63.2,90.28,0,0,5,5,3,10
10160,11,2026,592,36,97.53,112.59,2,1,3,6,5,31
10009,12,2025,655,173,61.16,68.08,0,2,30,32,17,145
10099,5,2026,532,12,101.15,134.63,2,0,3,5,3,7
10150,11,2024,534,47,126.31,142.26,0,23,1,24,14,54
10007,1,2025,303,42,121.31,165.37,0,10,3,13,11,39
10042,3,2025,626,9,88.35,102.67,0,0,4,4,3,11
10011,7,2025,866,68,96.16,123.86,1,1,0,2,2,49
10110,8,2024,675,13,117.96,155.06,0,3,3,6,5,13
10163,9,2026,782,10,81.68,87.82,0,2,0,2,1,8
10100,3,2025,850,10,116.66,140.89,2,3,4,9,5,11
10141,12,2024,910,18,97.1,122.47,1,0,0,1,1,24
10143,7,2024,727,29,81.18,98.26,0,1,2,3,2,22
10161,6,2025,614,9,114.48,146.56,2,0,0,2,2,7
10049,1,2026,145,380,99.62,111.96,3,19,0,22,17,301
10124,8,2027,177,6,66.71,86.03,0,0,3,3,2,10
10066,6,2024,132,43,81.06,101.96,1,0,0,1,1,57
10018,8,2026,175,150,80.0,96.63,0,0,5,5,3,123
10099,12,2027,532,3,102.88,148.84,0,0,1,1,1,1
10024,4,2026,549,297,75.35,92.39,1,1,2,4,3,322
10155,5,2026,426,55,102.47,110.67,0,1,0,1,1,69
10025,4,2024,621,25,89.68,105.06,1,1,0,2,1,36
10093,9,2024,510,11,108.98,125.98,0,0,1,1,1,10
10087,3,2025,809,12,78.24,114.18,1,2,0,3,2,11
10014,2,2025,128,11,108.72,130.95,3,0,1,4,3,10
10114,8,2024,649,10,95.41,117.76,0,0,0,0,0,7
10152,8,2027,639,3,66.05,70.87,0,0,0,0,0,6
10010,7,2024,809,9,59.54,69.02,0,0,0,0,0,7
10053,4,2025,224,17,80.83,105.67,1,0,0,1,1,30
10058,11,2026,304,126,79.16,98.06,0,6,0,6,3,116
10121,10,2025,305,380,101.69,115.94,5,36,0,41,28,380
10024,11,2025,549,323,79.56,90.24,0,0,0,0,0,232
10073,11,2025,689,13,101.9,129.31,1,2,0,3,2,13
10055,10,2027,145,7,98.72,120.29,0,1,0,1,1,13
10009,9,2024,655,141,71.2,83.32,0,0,9,9,5,148
10000,9,2024,605,16,70.18,111.85,1,2,0,3,2,8
10167,11,2024,804,48,78.83,88.64,0,2,0,2,1,53
10076,1,2025,327,38,107.73,146.93,2,0,5,7,6,17
10000,4,2026,605,34,97.74,127.0,0,0,0,0,0,38
10017,9,2026,559,101,103.7,154.64,7,8,0,15,7,73
10065,12,2027,518,197,72.23,88.39,0,0,7,7,6,152
10141,8,2024,910,15,82.85,118.25,0,1,1,2,1,18
10129,5,2026,339,4,114.08,143.4,0,4,0,4,3,3
10108,1,2026,647,8,83.08,107.42,1,0,1,2,2,8
10006,11,2024,455,47,101.38,128.65,1,2,0,3,1,42
10088,1,2026,535,4,52.59,60.92,0,0,4,4,2,1
10102,9,2025,654,4,105.61,130.29,0,0,0,0,0,11
10031,2,2027,881,78,67.5,109.94,0,0,5,5,3,75
10091,7,2025,140,30,78.02,101.43,0,0,1,1,1,35
10159,4,2026,165,118,96.89,119.86,2,3,0,5,3,154
10069,1,2025,570,66,74.01,80.71,0,1,1,2,2,21
10092,7,2024,321,20,81.74,98.58,0,0,2,2,2,20
10025,5,2026,621,52,92.11,110.93,0,0,1,1,1,42
10169,2,2027,425,15,72.0,102.92,0,3,1,4,4,20
10093,7,2024,510,8,72.04,77.07,0,0,1,1,1,11
10042,9,2027,626,12,94.57,100.64,1,0,0,1,1,7
10069,10,2024,570,60,86.75,96.77,2,0,0,2,2,75
10002,12,2026,847,3,115.27,141.79,3,0,0,3,2,5
10017,10,2024,559,128,88.99,123.06,5,0,2,7,3,147
10003,8,2025,290,85,97.86,125.93,5,2,0,7,5,67
10151,2,2026,99,122,67.65,91.16,1,0,6,7,4,172
10090,3,2026,422,14,82.84,92.41,0,0,0,0,0,7
10010,5,2025,809,7,60.41,65.92,0,0,1,1,1,8
10031,9,2024,881,75,98.52,114.98,0,0,1,1,1,67
10042,5,2027,626,13,90.37,99.94,0,2,0,2,1,14
10024,10,2026,549,194,79.64,94.57,0,0,0,0,0,207
10030,5,2026,243,16,93.75,137.26,0,0,1,1,1,7
10031,11,2026,881,94,80.26,88.56,1,0,3,4,2,92
10018,3,2026,175,209,87.09,106.23,0,0,3,3,2,226
10052,4,2025,319,11,100.7,127.47,0,0,0,0,0,9
10078,12,2026,555,47,120.44,151.87,6,18,0,24,17,41
10102,12,2024,654,4,105.7,150.35,0,1,1,2,1,5
10147,2,2025,471,22,89.1,111.92,0,3,0,3,3,16
10085,4,2027,297,1,146.72,190.0,1,0,0,1,1,1
10087,11,2027,809,8,61.86,97.39,0,1,1,2,1,11
10102,3,2026,654,5,111.99,152.33,0,2,1,3,2,6
10070,4,2025,469,8,105.2,111.57,0,3,0,3,2,7
10051,7,2027,536,47,85.78,106.72,0,0,4,4,3,74
10099,3,2025,532,11,80.51,122.48,0,7,2,9,5,10
10165,3,2025,864,59,94.31,115.04,0,0,2,2,1,52
10115,10,2026,399,42,125.16,146.58,4,13,0,17,12,54
10036,7,2025,355,6,88.58,101.7,2,0,0,2,1,6
10157,5,2025,786,2,91.67,109.03,0,0,2,2,1,7
10126,6,2025,565,3,73.79,106.93,0,0,1,1,1,7
10146,10,2024,105,7,116.18,137.4,0,2,1,3,3,8
10140,4,2028,672,73,90.3,116.09,2,0,0,2,2,88
10131,11,2025,446,9,94.98,107.31,1,3,1,5,4,21
10165,6,2024,864,60,81.69,121.5,3,1,1,5,4,75
10105,10,2026,301,9,132.98,149.48,0,2,1,3,2,6
10034,12,2025,383,24,81.22,113.89,1,3,0,4,3,20
10057,6,2024,274,24,81.67,117.44,0,2,0,2,2,34
10169,1,2025,425,26,110.59,117.3,1,2,0,3,2,14
10161,12,2024,614,8,91.01,108.58,1,0,5,6,4,6
10017,10,2025,559,150,111.28,126.59,4,24,0,28,20,149
10155,11,2024,426,37,92.12,128.07,2,0,0,2,1,41
10047,9,2026,278,1,158.0,190.0,1,0,1,2,1,1
10077,10,2026,219,380,94.5,121.71,6,0,0,6,4,319
10056,12,2024,414,51,117.61,164.62,5,24,2,31,21,49
10047,3,2025,278,6,108.98,133.72,0,1,2,3,3,4
10150,9,2025,534,60,85.32,126.67,0,2,0,2,1,20
10164,7,2026,498,48,76.38,86.19,0,0,1,1,1,73
10058,9,2024,304,112,78.11,113.12,0,1,0,1,1,107
10119,12,2025,887,14,97.87,125.66,0,1,0,1,0,7
10098,3,2027,238,197,83.03,91.4,0,2,1,3,3,131
10108,7,2024,647,8,86.85,102.73,0,0,0,0,0,10
10134,10,2025,124,2,110.09,150.4,0,2,1,3,1,1
10099,7,2026,532,10,84.37,101.79,2,0,2,4,2,15
10113,3,2025,309,4,97.6,134.24,1,2,2,5,4,2
10075,11,2025,735,6,110.23,137.87,1,4,0,5,4,7
10106,4,2024,697,7,91.96,127.69,0,0,0,0,0,2
10131,2,2026,446,11,85.88,95.67,0,0,0,0,0,11
10107,3,2026,885,23,75.77,84.41,0,1,0,1,1,18
10140,2,2028,672,64,100.42,129.45,2,3,0,5,3,71
10033,8,2025,95,12,102.65,111.39,1,0,0,1,1,12
10026,9,2025,115,9,84.63,96.57,0,0,0,0,0,14
10103,1,2026,561,3,89.32,95.74,0,0,0,0,0,1
10135,4,2024,245,4,79.96,104.0,0,1,2,3,2,2
10074,11,2025,717,32,100.04,138.64,4,1,2,7,5,10
10035,7,2024,335,5,99.88,138.82,0,0,0,0,0,1
10012,11,2025,423,10,82.52,113.47,0,1,1,2,1,9
10166,6,2026,134,5,75.51,110.66,2,0,0,2,1,4
10124,10,2024,177,10,92.59,123.92,0,0,0,0,0,6
10140,10,2026,672,137,99.75,120.06,4,4,1,9,8,106
10155,5,2025,426,48,114.66,151.48,1,17,0,18,14,55
10087,6,2027,809,9,63.98,74.32,0,0,2,2,1,5
10148,6,2026,491,65,109.62,120.95,0,5,1,6,3,74
10029,3,2027,904,35,86.82,93.84,1,0,0,1,1,43
10137,7,2026,630,77,89.49,127.44,2,2,0,4,2,72
10055,4,2027,145,9,109.12,145.69,1,3,1,5,3,5
10091,4,2025,140,28,107.47,140.99,0,3,0,3,2,36
10095,11,2027,270,5,93.84,120.27,0,0,2,2,2,9
10159,5,2026,165,117,81.37,112.71,2,0,0,2,2,112
10072,1,2027,859,62,118.05,158.84,8,7,0,15,12,65
10000,3,2026,605,35,63.87,71.3,0,0,6,6,3,42
10115,4,2027,399,43,134.46,185.75,2,11,0,13,6,54
10126,6,2026,565,3,88.47,125.35,1,0,0,1,1,2
10141,9,2025,910,19,109.15,127.18,0,3,1,4,2,20
10105,9,2026,301,11,81.06,102.7,1,0,2,3,2,14
10144,8,2024,189,10,102.07,150.05,0,0,0,0,0,9
10146,1,2025,105,9,105.3,117.77,1,1,2,4,2,10
10117,11,2026,484,13,109.43,128.81,0,3,0,3,2,14
10047,11,2024,278,4,75.49,104.23,4,3,0,7,4,5
10099,8,2025,532,14,90.7,104.47,1,2,0,3,3,18
10030,4,2026,243,21,85.98,111.66,0,0,0,0,0,7
10069,11,2024,570,74,90.62,120.44,1,1,0,2,1,50
10155,12,2024,426,43,110.25,143.68,0,9,2,11,9,56
10004,7,2025,564,19,113.04,138.66,1,5,0,6,3,39
10084,5,2027,607,9,66.24,83.97,2,1,3,6,5,9
10047,3,2026,278,5,102.55,129.91,0,5,0,5,2,5
10129,8,2025,339,7,103.98,135.13,0,3,0,3,3,10
10059,11,2025,918,31,94.86,117.41,0,0,5,5,4,21
10028,7,2026,164,4,77.5,85.76,0,0,2,2,1,9
10114,4,2024,649,10,72.09,88.81,0,0,0,0,0,8
10130,1,2025,655,11,78.34,93.98,5,3,0,8,3,5
10142,9,2025,918,5,75.09,94.1,1,0,1,2,2,7
10031,7,2025,881,127,90.01,104.97,0,1,0,1,1,212
10094,2,2025,257,9,107.88,144.11,0,5,0,5,4,12
10034,4,2026,383,22,102.96,137.83,2,4,0,6,5,17
10059,4,2026,918,34,59.04,88.65,0,0,8,8,6,29
10034,1,2026,383,25,77.99,97.29,0,2,0,2,1,15
10148,8,2025,491,45,102.52,112.59,1,2,0,3,2,58
10046,11,2024,221,14,99.87,131.59,0,2,0,2,1,19
10136,11,2025,854,86,75.32,98.91,0,1,1,2,2,48
10083,12,2024,131,72,98.68,120.29,1,10,0,11,6,48
10013,1,2026,838,15,99.67,115.11,0,2,0,2,1,20
10140,6,2026,672,129,69.4,90.6,0,4,17,21,18,102
10073,1,2026,689,10,56.87,65.85,0,0,2,2,1,7
10045,7,2027,725,11,85.17,117.12,1,0,0,1,1,10
10142,11,2024,918,3,108.07,145.37,0,0,2,2,2,8
10081,5,2025,768,3,91.61,126.45,0,1,0,1,0,2
10149,9,2024,722,37,108.23,146.64,2,3,0,5,3,43
10065,6,2026,518,208,108.66,128.05,11,18,0,29,14,191
10056,12,2026,414,61,71.3,90.91,1,0,2,3,2,96
10072,4,2027,859,58,69.54,92.78,2,2,3,7,6,61
10031,6,2026,881,135,97.53,124.26,3,0,0,3,2,80
10148,4,2025,491,61,94.21,117.08,2,0,1,3,1,61
10110,4,2024,675,9,70.33,99.75,0,0,2,2,1,14
10159,12,2026,165,59,93.74,99.73,1,2,0,3,2,59
10020,6,2025,119,86,91.87,99.82,0,1,0,1,1,88
10092,5,2024,321,15,109.04,120.89,0,0,0,0,0,7
10105,11,2024,301,9,94.26,102.14,2,0,3,5,4,10
10021,6,2024,164,298,89.85,97.49,0,3,0,3,2,200
10081,11,2024,768,4,76.97,117.01,0,0,1,1,1,7
10013,7,2025,838,12,96.57,122.44,0,1,0,1,1,7
10149,7,2024,722,31,88.49,118.42,1,0,3,4,2,54
10080,4,2026,639,244,69.14,74.08,1,0,25,26,12,380
10163,7,2026,782,6,92.95,127.95,3,5,3,11,6,11
10124,9,2025,177,11,83.66,103.89,3,2,2,7,5,7
10155,1,2027,426,31,100.61,140.55,3,1,0,4,3,41
10089,3,2026,840,9,66.11,88.28,0,1,0,1,1,5
10098,2,2027,238,179,90.45,124.42,5,0,15,20,15,184
10084,1,2025,607,11,101.42,129.7,1,5,0,6,3,12
10126,3,2025,565,2,100.75,121.69,0,2,0,2,1,1
10127,7,2025,510,16,77.52,90.77,2,2,0,4,3,24
10155,11,2025,426,46,110.28,154.67,4,10,0,14,7,61
10010,7,2025,809,10,96.79,103.75,2,0,0,2,1,8
10109,7,2024,200,9,67.61,102.25,0,0,0,0,0,12
10116,7,2025,631,14,82.07,86.55,0,0,0,0,0,15
10072,11,2025,859,84,93.97,137.01,11,2,0,13,9,65
10126,9,2027,565,1,79.26,110.0,1,1,1,3,1,1
10013,9,2026,838,8,77.77,103.34,1,0,0,1,1,8
10123,6,2027,194,6,78.46,92.11,1,0,2,3,2,4
10089,9,2024,840,7,98.33,114.04,0,0,1,1,1,1
10167,7,2025,804,59,101.94,138.23,2,3,2,7,3,49
10095,9,2024,270,11,58.44,62.51,0,1,7,8,5,5
10013,11,2026,838,8,69.81,110.78,1,1,0,2,2,6
10138,7,2025,592,28,77.68,92.91,3,0,0,3,3,21
10075,4,2024,735,3,99.34,109.73,0,0,0,0,0,5
10023,3,2024,159,32,82.64,123.37,0,0,0,0,0,25
10029,7,2025,904,29,60.71,97.27,0,0,3,3,3,42
10027,9,2025,268,7,104.46,135.12,0,0,0,0,0,6
10122,1,2026,593,11,82.5,99.18,0,0,0,0,0,11
10160,9,2026,592,48,85.48,93.88,0,3,2,5,3,67
10072,5,2026,859,102,103.17,116.01,3,9,2,14,7,148
10148,8,2026,491,63,85.36,121.77,0,3,3,6,3,47
10139,4,2025,498,82,57.94,96.3,0,0,12,12,9,120
10027,3,2026,268,6,117.33,130.33,1,1,0,2,1,5
10095,9,2027,270,7,78.4,106.72,0,4,0,4,2,4
10160,8,2026,592,45,110.16,145.62,7,11,0,18,13,57
10166,5,2025,134,6,96.12,136.76,0,0,0,0,0,6
10103,8,2026,561,2,95.42,130.0,0,2,1,3,2,2
10054,11,2025,871,165,90.46,110.12,0,0,0,0,0,134
10072,3,2025,859,96,108.22,118.97,4,18,0,22,14,98
10100,7,2024,850,14,71.65,109.66,0,0,1,1,1,9
10103,10,2027,561,1,93.72,98.49,0,0,1,1,1,3
10117,11,2025,484,15,133.0,171.98,1,9,2,12,6,20
10064,8,2024,340,6,81.11,90.88,0,2,0,2,1,3
10163,6,2024,782,4,97.2,131.36,0,4,3,7,4,2
10157,12,2026,786,4,81.68,122.64,1,1,4,6,4,3
10141,10,2025,910,18,108.24,152.46,0,1,0,1,1,27
10114,7,2026,649,6,95.72,132.17,3,1,0,4,2,9
10156,3,2026,175,4,150.68,184.06,1,2,1,4,2,1
10088,12,2024,535,3,93.09,134.81,1,3,2,6,3,1
10095,10,2025,270,12,76.95,111.18,0,1,0,1,1,14
10109,1,2025,200,11,102.59,134.8,2,5,2,9,7,13
10028,9,2025,164,6,81.75,94.51,1,3,1,5,3,7
10167,6,2026,804,49,99.32,130.11,1,0,3,4,3,63
10124,5,2027,177,7,68.26,103.57,1,1,3,5,3,4
10046,1,2026,221,22,105.25,131.69,1,1,1,3,2,12
10127,9,2026,510,14,89.85,116.01,1,0,0,1,1,15
10068,3,2025,851,46,118.45,164.32,6,14,0,20,11,49
10065,1,2025,518,189,92.2,134.81,13,0,1,14,8,245
10148,12,2024,491,40,94.93,107.82,0,0,0,0,0,40
10158,8,2027,277,10,70.65,85.28,0,0,1,1,1,7
10048,10,2024,655,67,95.3,135.43,2,0,4,6,3,51
10112,5,2025,434,15,82.15,102.09,1,0,2,3,1,20
10127,11,2024,510,15,82.16,121.3,2,0,2,4,2,9
10038,8,2024,221,8,58.05,98.61,0,1,1,2,1,6
10083,3,2024,131,56,96.88,113.82,3,0,0,3,3,39
10096,9,2024,592,5,80.32,117.84,0,1,2,3,3,7
10150,8,2025,534,52,108.59,120.6,1,12,3,16,10,58
10075,3,2024,735,4,59.06,85.36,1,0,3,4,3,4
10126,8,2025,565,2,101.45,123.61,2,2,0,4,2,1
10158,10,2025,277,15,83.45,94.69,0,2,2,4,4,26
10115,6,2025,399,44,105.24,143.64,1,0,0,1,1,74
10042,6,2026,626,18,83.71,100.72,0,0,1,1,1,19
10060,7,2024,192,11,86.98,110.38,0,0,0,0,0,7
10073,4,2026,689,7,64.97,103.97,1,0,4,5,2,4
10088,11,2024,535,4,68.46,79.16,0,0,2,2,1,6
10037,10,2025,273,8,77.99,109.85,0,0,0,0,0,7
10003,8,2027,290,154,55.77,77.17,9,0,58,67,55,179
10158,11,2027,277,6,123.56,146.75,1,5,1,7,5,3
10068,3,2027,851,61,96.08,111.68,0,1,4,5,3,59
10105,9,2025,301,13,94.13,113.47,0,0,0,0,0,9
10165,4,2025,864,61,94.32,132.31,2,1,0,3,2,49
10079,2,2026,706,16,67.04,101.6,2,0,1,3,2,13
10040,10,2025,729,6,90.55,112.55,0,0,0,0,0,7
10051,5,2026,536,50,83.41,98.55,2,1,1,4,3,44
10110,2,2025,675,15,113.6,129.12,1,7,0,8,4,10
10055,8,2025,145,19,84.03,119.9,1,1,0,2,2,22
10169,12,2027,425,11,77.01,104.37,0,0,0,0,0,10
10060,9,2024,192,16,116.03,137.33,0,5,0,5,4,9
10103,3,2025,561,2,112.19,137.1,0,0,0,0,0,1
10122,4,2025,593,7,108.05,133.51,1,2,0,3,1,10
10021,10,2025,164,329,46.25,59.26,0,0,59,59,29,251
10144,7,2025,189,27,67.45,72.91,0,0,8,8,4,17
10012,9,2026,423,8,72.58,107.06,0,0,1,1,1,1
10163,12,2025,782,6,83.63,94.86,0,1,3,4,3,13
10131,7,2025,446,10,98.66,124.78,0,2,1,3,3,6
10168,12,2025,102,249,107.8,126.73,3,33,0,36,16,333
10045,2,2026,725,35,104.05,136.6,3,5,0,8,5,8
10042,5,2025,626,12,87.96,109.88,0,0,0,0,0,11
10105,1,2027,301,9,55.78,89.62,2,0,1,3,1,12
10074,11,2026,717,31,88.15,123.96,0,0,0,0,0,15
10001,8,2026,682,5,70.52,78.76,0,0,0,0,0,5
10013,1,2025,838,12,93.69,120.02,0,1,0,1,1,15
10062,2,2024,286,3,101.27,115.7,2,2,0,4,3,8
10016,12,2025,101,299,75.82,96.55,0,0,2,2,1,380
10148,5,2024,491,29,102.56,131.87,1,2,3,6,5,43
10082,12,2026,860,99,63.66,104.44,2,0,10,12,7,98
10042,8,2026,626,13,87.23,129.33,2,3,3,8,5,19
10055,1,2025,145,21,106.6,149.24,1,4,1,6,3,18
10029,9,2025,904,38,71.4,96.05,0,3,3,6,3,55
10075,6,2025,735,9,66.07,99.0,1,3,0,4,4,10
10013,9,2024,838,11,56.5,72.1,0,1,1,2,2,8
10102,1,2027,654,2,81.12,99.31,0,1,1,2,1,1
10064,7,2026,340,7,106.58,155.57,0,0,3,3,2,11
10139,5,2027,498,84,74.25,83.14,3,6,0,9,6,77
10135,5,2024,245,2,109.42,128.48,0,0,2,2,1,1
10036,8,2024,355,5,87.98,111.31,0,0,2,2,1,1
10122,6,2026,593,11,71.18,79.06,0,1,0,1,1,16
10002,9,2024,847,2,86.09,103.93,0,0,0,0,0,1
10162,3,2025,863,23,89.84,107.72,0,2,0,2,2,25
10056,7,2024,414,54,77.0,111.37,0,1,0,1,1,34
10047,6,2026,278,3,150.47,190.0,0,2,2,4,3,1
10112,8,2024,434,8,92.95,117.84,0,0,0,0,0,7
10130,4,2024,655,6,84.54,125.22,1,1,2,4,2,5
10116,12,2025,631,13,71.09,100.7,0,0,4,4,3,10
10155,4,2027,426,32,81.57,118.39,2,1,1,4,3,28
10163,5,2025,782,8,74.51,93.15,0,0,3,3,2,10
10069,2,2025,570,53,94.4,121.38,2,0,0,2,1,37
10123,9,2024,194,8,99.17,137.26,2,3,1,6,5,10
10123,6,2024,194,7,96.1,131.66,0,0,2,2,2,4
10167,12,2025,804,57,94.2,100.92,2,2,0,4,4,44
10051,10,2026,536,59,88.68,110.73,0,0,0,0,0,92
10027,9,2026,268,4,112.07,136.64,1,1,1,3,2,7
10013,11,2025,838,15,85.25,115.96,0,2,2,4,2,15
10007,8,2024,303,34,87.04,92.1,0,3,0,3,3,39
10005,10,2026,184,24,78.09,82.67,0,0,2,2,1,16
10002,5,2026,847,7,79.71,93.75,0,0,1,1,1,4
10158,11,2025,277,17,88.5,99.03,0,0,2,2,1,17
10124,2,2026,177,9,118.39,147.07,2,0,0,2,1,5
10052,9,2024,319,8,89.06,123.47,0,0,1,1,0,8
10108,4,2025,647,13,91.42,121.41,3,3,1,7,6,12
10040,6,2026,729,4,111.93,167.04,0,2,0,2,2,4
10008,10,2025,140,45,98.33,135.37,0,2,2,4,3,46
10055,5,2026,145,13,109.16,144.84,1,2,1,4,4,12
10130,3,2025,655,12,90.31,118.08,1,0,1,2,1,9
10117,1,2027,484,13,107.36,143.7,0,0,0,0,0,17
10113,12,2024,309,3,94.4,106.77,2,0,3,5,2,7
10073,10,2025,689,12,47.7,85.94,0,1,4,5,5,17
10162,5,2025,863,20,65.69,71.11,0,0,3,3,2,12
10016,2,2026,101,237,86.6,123.09,0,4,0,4,2,286
10037,8,2025,273,5,79.5,111.83,1,0,0,1,1,8
10145,10,2024,863,9,99.35,116.14,0,0,0,0,0,9
10085,10,2025,297,5,91.52,125.12,0,0,0,0,0,6
10145,8,2026,863,8,84.5,100.49,2,2,1,5,3,6
10046,9,2024,221,13,84.86,94.92,0,0,0,0,0,19
10130,6,2025,655,11,90.2,112.19,0,0,0,0,0,14
10018,11,2024,175,197,92.49,128.77,7,0,0,7,3,78
10113,1,2025,309,2,129.47,171.18,0,1,2,3,2,3
10001,5,2026,682,8,85.53,90.24,2,0,0,2,1,10
10111,8,2024,146,6,76.1,112.58,0,0,0,0,0,9
10035,2,2025,335,10,136.27,153.05,1,6,3,10,8,14
10000,2,2025,605,15,112.91,130.78,0,1,2,3,1,19
10025,2,2025,621,44,74.57,81.7,1,1,4,6,4,48
10156,4,2025,175,12,71.09,76.11,0,0,5,5,3,15
10003,9,2024,290,54,66.86,73.07,0,2,5,7,4,51
10100,1,2026,850,8,74.1,116.89,0,2,1,3,1,7
10075,2,2024,735,6,77.31,108.62,0,1,0,1,1,4
10060,1,2025,192,17,96.58,106.7,1,2,2,5,4,10
10152,11,2026,639,4,88.05,120.39,0,3,1,4,3,9
10025,7,2026,621,46,69.17,88.09,0,3,5,8,6,46
10116,7,2026,631,11,111.23,134.01,0,2,0,2,1,17
10150,6,2026,534,34,88.66,133.54,1,0,0,1,1,27
10063,9,2026,605,11,85.83,104.35,0,0,2,2,2,9
10090,6,2026,422,12,115.93,167.2,0,4,0,4,2,14
10025,9,2024,621,26,109.68,136.05,2,0,4,6,4,13
10014,8,2024,128,10,94.87,99.08,0,0,0,0,0,4
10146,4,2026,105,9,115.21,143.05,1,4,0,5,3,7
10069,7,2024,570,72,75.55,113.72,1,0,0,1,1,49
10148,3,2026,491,60,86.37,106.25,0,0,3,3,1,77
10074,10,2024,717,26,91.63,113.24,2,2,0,4,3,19
10065,4,2026,518,247,115.38,157.15,11,25,0,36,16,287
10060,3,2025,192,19,99.45,140.49,2,0,0,2,1,23
10015,5,2024,454,11,69.84,107.4,2,0,1,3,2,11
10046,4,2025,221,20,81.27,110.74,0,0,0,0,0,21
10006,9,2025,455,34,104.8,146.03,2,7,0,9,6,30
10018,2,2024,175,162,75.96,109.16,0,0,0,0,0,145
10028,12,2025,164,4,107.5,148.29,0,0,0,0,0,8
10015,7,2026,454,22,89.59,95.08,0,0,0,0,0,16
10153,1,2025,93,13,100.41,117.01,0,3,0,3,1,21
10152,6,2026,639,6,106.86,131.85,0,2,3,5,3,6
10079,4,2025,706,15,91.85,133.69,0,1,3,4,3,13
10073,3,2026,689,6,90.01,105.44,0,3,1,4,3,4
10018,7,2024,175,148,74.21,114.85,0,1,5,6,4,131
10054,7,2025,871,178,61.94,99.63,1,3,15,19,16,1
10164,11,2026,498,64,112.48,149.9,9,10,0,19,9,92
10065,8,2024,518,145,85.09,116.25,0,0,21,21,18,194
10111,10,2025,146,11,106.13,132.3,2,2,3,7,5,21
10020,7,2025,119,86,85.53,99.92,0,1,1,2,1,40
10082,3,2025,860,90,93.5,103.54,2,0,0,2,2,94
10119,8,2024,887,9,93.26,132.54,1,0,1,2,2,16
10126,11,2026,565,3,71.38,88.71,0,2,0,2,2,7
10067,11,2026,683,43,104.51,147.77,4,5,0,9,4,47
10138,10,2024,592,18,108.74,129.05,0,0,2,2,2,24
10056,7,2026,414,78,95.89,110.74,0,0,0,0,0,38
10155,2,2027,426,34,116.51,156.55,3,9,0,12,7,27
10023,2,2024,159,29,90.87,114.8,1,0,0,1,1,50
10026,2,2026,115,4,81.61,110.39,0,0,3,3,2,4
10090,2,2028,422,11,84.69,99.29,0,0,0,0,0,2
10043,12,2024,187,10,75.62,108.69,0,1,0,1,1,6
10069,12,2025,570,100,70.27,94.48,1,0,5,6,3,72
10038,6,2027,221,8,75.23,85.56,0,0,0,0,0,8
10049,4,2024,145,265,95.06,124.82,4,3,0,7,3,207
10144,1,2025,189,17,86.58,114.65,1,0,0,1,1,30
10117,7,2026,484,26,91.12,96.52,0,1,3,4,3,27
10126,11,2025,565,3,82.91,107.31,0,0,0,0,0,1
10068,7,2026,851,105,84.23,108.98,2,0,0,2,2,76
10099,1,2028,532,2,102.95,135.91,0,0,0,0,0,4
10038,5,2026,221,10,97.69,129.49,0,0,1,1,1,14
10044,10,2026,187,16,81.56,114.1,1,5,0,6,4,12
10065,10,2027,518,191,116.95,142.38,2,28,0,30,21,149
10126,4,2026,565,4,53.91,72.1,0,4,1,5,4,3
10019,8,2024,488,9,80.57,120.77,1,2,2,5,2,1
10131,4,2025,446,13,71.29,87.98,1,4,0,5,2,7
10160,8,2024,592,31,67.28,75.35,2,0,4,6,5,40
10134,8,2026,124,1,125.71,146.66,0,0,0,0,0,1
10101,12,2025,469,15,80.86,107.28,0,0,3,3,2,18
10054,3,2025,871,197,90.35,128.88,8,0,0,8,4,242
10162,4,2024,863,13,55.39,61.09,2,0,5,7,5,22
10165,10,2025,864,51,110.9,128.5,2,15,2,19,14,56
10140,8,2026,672,117,106.23,137.14,6,13,0,19,17,99
10026,4,2025,115,8,108.15,115.74,2,0,0,2,2,13
10055,7,2026,145,13,102.35,113.67,0,0,3,3,2,13
10035,1,2026,335,11,79.11,118.93,0,0,0,0,0,12
10100,3,2026,850,8,59.94,70.94,0,0,3,3,2,6
10049,3,2024,145,297,75.78,106.88,0,6,0,6,3,148
10083,6,2025,131,73,88.52,107.67,0,3,4,7,6,36
10032,12,2025,410,189,82.21,107.23,1,2,1,4,3,172
10097,6,2026,544,3,85.08,109.84,1,1,0,2,1,7
10011,1,2026,866,49,93.76,128.32,3,3,0,6,4,57
10124,2,2028,177,1,158.0,190.0,0,1,1,2,1,1
10041,2,2026,327,6,84.63,126.57,0,1,2,3,2,4
10002,9,2026,847,4,87.59,93.01,2,4,4,10,4,7
10045,3,2025,725,27,104.73,148.28,4,0,0,4,4,17
10158,12,2024,277,10,95.57,122.33,0,0,3,3,2,11
10065,5,2027,518,226,115.14,158.33,23,53,2,78,55,65
10163,1,2025,782,8,91.02,96.37,0,1,2,3,2,11
10120,1,2026,378,9,111.33,168.96,2,5,0,7,4,11
10038,2,2026,221,10,120.0,151.87,2,8,0,10,5,9
10045,5,2025,725,32,81.04,128.75,0,2,0,2,1,21
10103,5,2026,561,1,101.13,151.66,0,0,1,1,1,4
10011,4,2025,866,58,83.3,114.35,2,1,0,3,2,48
10005,5,2027,184,14,80.06,115.04,0,0,0,0,0,21
10081,1,2026,768,4,54.01,70.29,0,2,2,4,3,1
10139,6,2025,498,106,69.66,103.88,0,1,12,13,10,100
10039,10,2026,691,71,87.82,125.56,2,3,3,8,4,76
10126,2,2026,565,3,89.83,125.14,0,0,3,3,2,4
10040,6,2025,729,6,107.22,126.33,0,0,0,0,0,9
10059,2,2026,918,28,104.07,119.76,1,2,0,3,2,28
10039,3,2026,691,62,95.62,140.1,2,0,0,2,2,36
10029,3,2025,904,22,99.66,121.54,2,0,0,2,1,18
10159,3,2025,165,144,97.21,102.45,0,3,0,3,1,181
10130,5,2026,655,11,81.94,96.41,0,2,1,3,2,7
10029,12,2026,904,41,46.94,73.59,2,0,22,24,20,17
10087,3,2027,809,13,72.45,104.48,0,3,0,3,2,10
10093,4,2026,510,13,103.04,136.27,0,1,0,1,0,12
10128,1,2025,746,283,90.43,130.79,9,5,0,14,10,176
10111,9,2025,146,9,95.07,99.31,0,3,1,4,2,8
10132,9,2026,662,68,44.84,56.47,2,0,32,34,23,68
10114,9,2024,649,12,108.54,133.67,1,5,0,6,3,12
10021,9,2025,164,353,77.74,119.53,4,3,0,7,5,218
10019,8,2026,488,25,95.51,109.47,0,2,0,2,2,11
10091,9,2025,140,30,86.1,110.76,0,0,0,0,0,24
10113,7,2025,309,2,124.29,159.59,2,2,0,4,2,6
10098,10,2025,238,123,109.31,133.91,6,28,0,34,23,127
10079,2,2024,706,8,64.91,77.01,0,0,0,0,0,10
10159,2,2026,165,121,98.54,137.08,4,14,0,18,9,130
10085,7,2026,297,3,95.78,132.33,1,1,0,2,1,2
10032,7,2024,410,155,68.03,103.58,1,4,7,12,8,149
10147,8,2026,471,18,81.11,91.95,2,0,3,5,3,30
10159,8,2024,165,112,98.37,119.6,6,2,1,9,6,12
10141,4,2027,910,20,86.49,93.29,0,0,1,1,1,17
10122,2,2026,593,12,104.09,145.66,1,4,1,6,3,12
10039,10,2024,691,33,115.42,145.45,3,8,1,12,6,13
10047,4,2025,278,5,94.66,122.09,0,3,0,3,2,8
10088,7,2025,535,3,108.48,148.67,1,0,2,3,1,2
10004,1,2027,564,33,86.74,104.42,0,0,0,0,0,19
10098,2,2026,238,140,114.4,149.41,11,38,1,50,40,170
10096,3,2025,592,9,107.64,123.29,2,0,0,2,2,7
10146,5,2026,105,9,76.97,109.73,0,0,2,2,1,10
10060,2,2025,192,18,97.77,135.8,2,0,0,2,1,25
10082,7,2024,860,58,80.76,118.19,0,3,0,3,2,71
10161,6,2024,614,5,93.29,125.92,1,0,0,1,1,3
10090,7,2026,422,13,101.18,113.92,0,0,1,1,1,11
10095,1,2027,270,10,94.48,129.4,0,0,0,0,0,14
10115,1,2025,399,31,123.98,165.29,4,15,2,21,9,31
10003,1,2025,290,57,120.08,139.22,4,22,1,27,20,64
10127,9,2025,510,17,98.02,125.54,0,0,0,0,0,18
10140,12,2024,672,68,81.53,112.42,1,1,0,2,1,83
10069,10,2025,570,110,74.81,101.5,1,2,0,3,3,176
10038,10,2026,221,14,99.46,133.92,0,6,0,6,5,14
10113,5,2026,309,3,72.92,97.75,0,2,0,2,2,1
10075,9,2024,735,7,93.84,133.11,2,2,0,4,2,9
10033,7,2025,95,9,131.23,144.4,0,3,0,3,2,10
10135,11,2026,245,3,67.44,75.41,2,3,1,6,3,3
10053,12,2026,224,12,73.09,95.76,0,0,3,3,1,18
10041,1,2026,327,7,78.26,90.26,1,2,0,3,2,2
10087,5,2026,809,10,90.89,120.69,0,0,0,0,0,7
10094,9,2025,257,17,82.72,123.97,0,1,0,1,1,15
10017,8,2024,559,110,92.1,127.46,1,5,1,7,3,99
10055,12,2025,145,16,83.76,126.18,0,0,0,0,0,12
10016,3,2025,101,380,87.23,95.53,0,0,0,0,0,266
10112,10,2024,434,12,91.13,131.95,1,0,2,3,2,14
10141,6,2026,910,23,91.86,117.18,0,2,1,3,2,22
10138,3,2024,592,16,89.76,110.0,1,0,0,1,1,13
10065,3,2028,518,183,108.65,135.28,12,33,0,45,28,261
10122,6,2025,593,10,100.24,116.18,2,1,1,4,3,7
10041,4,2025,327,10,74.5,97.52,0,6,0,6,5,2
10078,5,2026,555,54,123.8,165.08,4,23,0,27,13,83
10154,2,2026,199,155,82.56,119.73,4,1,3,8,7,105
10086,4,2026,139,14,98.85,145.21,0,4,4,8,7,12
10081,7,2025,768,3,110.39,148.62,0,3,1,4,3,1
10056,9,2026,414,90,72.6,90.59,0,0,5,5,3,60
10159,7,2026,165,107,82.26,112.97,1,0,0,1,1,49
10046,12,2024,221,17,83.73,92.19,2,0,1,3,2,25
10004,9,2027,564,36,93.63,112.13,0,0,2,2,1,70
10144,3,2025,189,20,82.68,124.13,0,0,0,0,0,34
10088,5,2026,535,4,87.14,104.26,0,3,0,3,2,4
10094,4,2025,257,11,80.56,106.41,0,0,0,0,0,18
10013,8,2025,838,14,102.08,143.5,1,2,0,3,3,5
10040,7,2025,729,5,119.83,145.62,0,2,0,2,1,8
10036,3,2025,355,4,144.43,190.0,1,0,2,3,2,8
10044,12,2024,187,13,90.89,117.79,0,0,0,0,0,11
10139,12,2026,498,70,55.23,78.41,0,0,26,26,16,46
10145,11,2024,863,10,97.0,111.89,0,1,0,1,1,5
10061,5,2026,854,112,62.39,99.43,0,0,31,31,22,105
10080,10,2025,639,292,61.0,82.7,0,0,67,67,32,313
10050,10,2024,750,147,102.49,138.88,8,14,0,22,19,114
10095,10,2027,270,4,102.55,116.79,0,2,1,3,2,11
10117,6,2024,484,13,79.75,93.61,0,0,0,0,0,9
10097,6,2024,544,4,78.42,106.02,1,2,0,3,2,1
10107,5,2025,885,14,111.57,121.14,0,1,0,1,1,21
10119,11,2024,887,12,108.36,120.03,0,6,1,7,6,14
10156,6,2026,175,5,90.02,120.79,0,0,0,0,0,5
10030,9,2025,243,29,114.88,141.42,2,0,0,2,1,38
10135,7,2024,245,1,145.17,186.86,0,1,1,2,1,1
10157,10,2025,786,4,54.88,76.74,2,0,1,3,2,2
10065,3,2027,518,255,115.76,149.89,16,62,1,79,72,166
10005,4,2026,184,24,83.45,93.95,0,2,1,3,2,29
10103,7,2025,561,2,99.89,125.87,0,2,2,4,2,2
10048,5,2026,655,99,103.95,121.61,1,7,0,8,7,111
10158,3,2027,277,15,98.85,121.34,0,4,0,4,3,9
10139,10,2025,498,110,85.85,120.37,0,0,4,4,3,61
10116,5,2027,631,19,69.68,80.38,1,0,0,1,1,19
10043,2,2025,187,10,84.15,94.78,0,2,2,4,4,12
10042,2,2027,626,14,100.92,115.88,0,1,2,3,3,14
10098,8,2026,238,116,107.83,132.06,3,15,1,19,10,153
10124,1,2025,177,9,89.38,130.23,0,0,3,3,1,6
10001,7,2025,682,8,74.16,108.26,0,3,0,3,3,6
10123,8,2024,194,7,69.54,79.21,0,0,3,3,3,3
10125,7,2025,862,24,81.61,106.95,0,0,0,0,0,19
10075,1,2026,735,8,60.57,85.0,0,2,5,7,6,2
10169,3,2027,425,15,96.69,137.81,0,3,0,3,3,19
10097,8,2025,544,6,78.99,106.78,1,0,0,1,1,3
10003,5,2027,290,132,68.18,98.55,0,0,19,19,11,102
10067,3,2026,683,53,126.46,173.77,3,27,2,32,25,48
10162,5,2027,863,14,83.66,105.38,0,2,1,3,2,18
10167,9,2026,804,49,96.15,108.26,0,0,5,5,2,73
10057,3,2024,274,19,110.23,154.49,3,5,0,8,4,16
10047,2,2025,278,3,90.36,116.12,0,0,0,0,0,10
10064,10,2026,340,7,85.38,102.44,0,1,3,4,2,5
10165,11,2025,864,48,87.91,106.92,0,2,2,4,4,25
10100,12,2025,850,9,110.54,122.6,0,2,0,2,1,4
10152,12,2024,639,5,115.53,158.07,2,4,2,8,4,6
10134,11,2024,124,1,150.68,190.0,1,0,1,2,1,1
10085,12,2024,297,4,104.42,150.68,0,0,0,0,0,7
10157,6,2027,786,3,96.78,137.92,1,0,0,1,1,1
10090,8,2024,422,11,103.88,142.55,1,1,2,4,3,4
10138,2,2025,592,24,49.48,57.53,0,0,6,6,3,19
10051,5,2025,536,59,74.95,95.5,0,0,1,1,1,47
10043,8,2024,187,6,82.48,97.68,1,0,0,1,1,7
10094,6,2024,257,9,82.27,87.68,0,0,0,0,0,9
10068,6,2025,851,63,105.3,142.64,1,8,4,13,11,68
10064,3,2025,340,8,101.24,122.42,0,1,2,3,2,9
10123,5,2026,194,10,68.18,105.43,1,2,1,4,3,7
10156,6,2024,175,7,88.04,103.07,1,0,0,1,1,3
10033,12,2025,95,8,108.58,137.64,1,0,1,2,1,3
10065,2,2028,518,199,124.41,149.06,20,45,0,65,34,195
10144,1,2026,189,20,58.04,68.83,0,0,4,4,2,26
10107,8,2025,885,23,64.79,97.7,2,1,6,9,4,15
10000,1,2025,605,16,105.84,151.85,0,3,1,4,3,11
10049,3,2025,145,380,76.11,86.45,0,0,0,0,0,380
10080,11,2024,639,192,79.17,99.07,2,1,1,4,2,153
10143,2,2025,727,44,77.91,102.53,0,0,2,2,1,79
10085,7,2024,297,7,69.36,87.94,0,3,1,4,2,14
10048,3,2025,655,90,81.2,105.11,1,0,0,1,0,57
10035,9,2024,335,5,151.56,190.0,3,4,2,9,5,7
10082,2,2027,860,87,97.2,138.79,7,1,0,8,5,78
10087,6,2025,809,11,75.22,80.32,0,0,1,1,1,11
10131,8,2025,446,8,107.34,139.7,1,0,4,5,4,7
10072,10,2026,859,101,94.93,119.5,1,3,3,7,3,73
10037,1,2026,273,5,98.37,125.28,1,0,0,1,1,8
10051,1,2028,536,24,79.74,120.97,0,1,1,2,2,24
10012,5,2025,423,10,93.96,127.56,1,7,0,8,7,2
10002,6,2025,847,3,88.17,120.21,1,1,0,2,1,4
10143,5,2025,727,43,83.72,117.66,0,4,0,4,2,20
10063,9,2024,605,4,103.49,141.46,1,1,3,5,3,3
10046,10,2024,221,13,77.87,98.93,0,5,0,5,3,12
10118,1,2026,692,24,96.85,106.79,0,1,0,1,0,28
10046,3,2025,221,21,74.25,96.7,2,0,0,2,1,25
10129,4,2025,339,10,94.13,125.97,0,0,2,2,2,12
10143,4,2025,727,57,95.25,126.49,0,1,0,1,0,43
10042,11,2027,626,13,99.85,128.87,1,0,2,3,2,12
10003,10,2027,290,116,45.91,81.67,2,1,55,58,41,131
10099,12,2025,532,8,77.79,101.75,0,1,0,1,1,9
10149,10,2026,722,24,79.3,109.48,2,0,0,2,2,6
10062,6,2024,286,4,91.48,133.47,0,0,0,0,0,2
10039,8,2024,691,36,80.44,104.86,0,0,5,5,3,24
10145,5,2026,863,10,116.23,157.95,0,3,2,5,3,19
10035,7,2025,335,12,106.77,126.45,0,0,0,0,0,9
10104,3,2026,249,31,112.01,124.02,1,7,0,8,6,14
10011,5,2026,866,41,85.65,105.89,1,0,0,1,1,29
10086,10,2025,139,13,100.81,149.79,1,4,3,8,4,19
10139,3,2027,498,86,86.99,124.45,3,0,0,3,2,97
10076,3,2025,327,45,82.92,128.19,0,1,0,1,1,42
10159,2,2027,165,56,78.82,103.07,0,0,3,3,2,22
10141,7,2027,910,20,72.41,90.38,0,4,5,9,5,20
10033,2,2025,95,9,101.31,151.66,0,0,0,0,0,15
10077,11,2025,219,361,81.13,115.77,3,2,0,5,3,238
10007,2,2027,303,46,66.32,106.89,0,0,8,8,5,42
10167,2,2025,804,59,124.71,148.98,6,13,0,19,17,56
10055,4,2026,145,14,91.99,108.45,0,3,0,3,2,13
10065,3,2026,518,230,110.7,139.35,18,54,0,72,64,305
10064,2,2026,340,10,92.06,121.98,0,0,0,0,0,8
10073,1,2025,689,8,87.64,103.65,0,1,1,2,1,7
10158,2,2027,277,14,95.83,136.35,3,3,0,6,5,8
10119,2,2026,887,9,86.11,93.54,0,0,0,0,0,8
10158,10,2026,277,12,94.32,131.01,2,0,0,2,1,8
10052,2,2025,319,10,108.74,131.97,1,0,1,2,1,8
10161,2,2026,614,9,59.87,73.71,0,0,1,1,1,7
10139,7,2026,498,113,94.19,118.26,1,0,1,2,2,109
10036,2,2026,355,3,122.9,175.82,0,3,0,3,2,1
10032,3,2025,410,297,87.82,100.33,0,3,0,3,2,266
10042,6,2027,626,17,105.71,109.81,2,4,1,7,6,18
10088,8,2024,535,2,75.56,100.71,2,0,1,3,1,7
10083,12,2026,131,50,98.21,123.95,2,3,1,6,5,32
10168,8,2026,102,235,66.42,104.39,0,0,20,20,9,211
10073,7,2025,689,12,82.48,121.88,0,2,2,4,2,6
10163,3,2027,782,5,85.45,123.36,2,5,0,7,3,7
10160,5,2026,592,54,114.08,134.38,3,6,1,10,5,97
10131,12,2025,446,12,98.14,104.82,0,3,0,3,2,11
10065,2,2026,518,207,133.84,180.65,6,117,2,125,80,153
10157,4,2028,786,2,69.59,104.01,0,0,1,1,0,4
10103,7,2024,561,2,109.84,134.12,0,1,0,1,1,3
10098,4,2027,238,152,72.92,94.78,1,2,7,10,7,117
10078,4,2027,555,34,122.07,131.29,2,10,0,12,11,35
10042,1,2025,626,8,87.47,103.06,0,4,0,4,3,11
10153,2,2026,93,17,78.32,90.85,0,0,0,0,0,20
10165,10,2024,864,52,84.06,125.39,0,0,0,0,0,83
10096,7,2025,592,6,104.11,137.67,0,1,4,5,3,4
10104,1,2026,249,26,84.2,100.68,0,2,1,3,2,24
10019,5,2025,488,17,73.4,109.97,2,0,3,5,4,26
10009,8,2027,655,82,57.24,93.82,0,0,18,18,11,76
10051,10,2027,536,39,102.53,135.94,0,1,0,1,1,51
10026,1,2025,115,6,91.4,114.58,1,0,0,1,1,11
10119,5,2026,887,7,99.08,104.43,1,3,0,4,3,4
10158,7,2025,277,9,66.56,88.73,0,0,0,0,0,11
10074,4,2027,717,16,122.7,175.75,3,10,1,14,11,12
10104,11,2024,249,30,101.24,149.19,2,3,0,5,4,6
10090,3,2028,422,10,105.02,149.27,1,0,2,3,2,8
10001,2,2025,682,8,97.27,135.12,0,0,0,0,0,7
10100,8,2025,850,11,99.42,132.69,0,0,2,2,1,16
10146,8,2024,105,6,62.48,67.39,0,5,1,6,3,7
10153,10,2024,93,10,97.05,112.77,0,0,1,1,1,11
10133,2,2026,566,89,86.73,96.86,3,5,3,11,6,76
10129,2,2026,339,7,116.58,157.72,0,2,4,6,3,6
10152,10,2025,639,4,100.94,148.9,0,0,3,3,3,5
10006,2,2024,455,45,89.43,111.89,0,0,1,1,1,47
10142,9,2024,918,6,80.82,113.1,0,0,3,3,2,5
10129,5,2025,339,9,108.93,133.74,1,1,2,4,3,9
10163,4,2026,782,11,106.08,125.21,2,2,1,5,3,11
10115,9,2026,399,37,124.47,150.87,2,10,0,12,11,44
10113,4,2026,309,5,72.79,82.41,0,0,2,2,2,8
10060,2,2026,192,14,96.77,133.64,1,0,0,1,1,18
10085,12,2026,297,2,99.77,112.14,1,0,0,1,0,1
10162,3,2027,863,20,63.83,84.46,0,2,4,6,5,21
10057,10,2025,274,35,102.94,145.5,1,4,3,8,3,7
10028,5,2026,164,2,104.83,137.37,2,1,0,3,2,2
10166,6,2025,134,7,96.84,124.57,0,1,1,2,1,3
10075,5,2025,735,9,73.86,106.81,0,1,1,2,1,10
10046,3,2024,221,13,68.31,84.32,1,1,0,2,1,17
10014,12,2026,128,14,86.12,116.05,1,0,1,2,2,15
10008,12,2024,140,27,120.27,167.7,1,5,0,6,3,19
10102,1,2025,654,5,114.9,145.77,1,1,2,4,3,8
10076,12,2024,327,34,93.45,123.96,3,0,1,4,3,47
10120,10,2025,378,8,114.03,152.28,1,2,3,6,4,5
10152,6,2027,639,2,59.46,84.85,0,2,0,2,1,3
10151,7,2025,99,127,100.05,135.01,8,4,1,13,9,51
10044,5,2026,187,19,96.45,136.94,1,2,3,6,4,22
10133,8,2025,566,101,81.17,103.82,0,4,0,4,2,73
10081,1,2024,768,4,90.25,118.61,0,0,0,0,0,7
10068,11,2025,851,65,119.08,166.6,5,21,0,26,19,80
10169,8,2025,425,26,66.03,88.8,0,0,7,7,3,19
10162,3,2024,863,16,88.36,117.31,1,0,1,2,2,16
10105,8,2024,301,11,52.09,59.74,0,0,4,4,4,6
10124,8,2025,177,10,95.82,134.33,0,0,0,0,0,13
10126,10,2026,565,5,96.87,113.63,0,3,1,4,3,1
10051,10,2024,536,43,90.57,119.78,0,0,1,1,1,47
10111,3,2025,146,6,109.3,149.65,2,2,0,4,3,8
10037,3,2025,273,7,52.7,89.65,0,2,1,3,2,9
10061,2,2025,854,141,101.1,136.76,9,14,0,23,18,142
10116,9,2025,631,14,93.97,102.61,0,0,4,4,2,12
10151,10,2025,99,130,70.89,83.4,0,0,8,8,6,101
10013,3,2026,838,19,90.98,116.67,0,0,0,0,0,16
10162,12,2026,863,15,90.36,105.84,2,0,1,3,1,8
10164,5,2025,498,48,80.29,117.19,1,3,0,4,2,39
10169,9,2025,425,26,85.4,125.3,1,0,0,1,0,30
10047,4,2024,278,1,137.99,190.0,0,1,0,1,1,2
10053,9,2024,224,14,89.8,104.09,3,3,0,6,3,17
10015,1,2025,454,23,102.53,115.65,1,4,0,5,2,22
10061,11,2024,854,123,131.35,164.75,19,42,3,64,27,131
10072,5,2025,859,77,94.54,117.94,1,3,0,4,2,75
10155,2,2026,426,51,132.45,178.4,4,27,0,31,28,20
10048,9,2026,655,95,67.42,101.62,0,1,6,7,4,110
10074,5,2024,717,25,74.77,112.92,3,3,1,7,6,12
10093,11,2024,510,8,96.63,122.55,0,0,3,3,2,5
10159,11,2025,165,126,93.16,128.22,12,5,0,17,15,132
10116,10,2026,631,14,76.94,89.3,1,0,0,1,0,16
10070,3,2025,469,7,79.76,92.54,0,3,1,4,3,12
10081,2,2024,768,4,76.62,112.64,0,0,0,0,0,5
10096,8,2024,592,6,124.49,135.51,1,3,0,4,3,2
10007,8,2026,303,60,82.58,99.06,0,1,0,1,0,27
10145,2,2025,863,7,113.07,155.93,4,1,0,5,4,4
10091,8,2025,140,26,59.66,91.57,0,5,7,12,7,22
10020,11,2024,119,49,85.4,101.47,2,0,0,2,1,50
10140,11,2027,672,90,75.2,106.91,1,1,2,4,3,60
10137,4,2025,630,148,95.05,124.1,3,2,0,5,4,97
10123,1,2026,194,10,93.52,106.71,2,4,0,6,3,9
10061,2,2026,854,121,78.09,93.33,3,1,0,4,2,98
10140,5,2026,672,116,104.86,136.49,2,1,1,4,3,165
10027,12,2026,268,9,92.6,115.73,0,4,0,4,2,7
10141,5,2024,910,9,73.63,101.77,1,0,0,1,0,15
10151,12,2024,99,139,73.38,112.45,1,0,0,1,1,121
10104,8,2026,249,16,58.35,95.16,0,0,2,2,2,16
10021,5,2025,164,380,105.95,140.07,26,67,2,95,57,380
10096,1,2027,592,5,111.06,152.99,1,3,0,4,2,3
10134,4,2025,124,2,87.27,102.02,0,2,0,2,1,3
10111,11,2024,146,10,77.67,100.1,0,2,0,2,1,8
10008,1,2026,140,37,102.24,120.71,0,2,0,2,2,15
10029,6,2025,904,33,110.25,120.38,4,10,2,16,12,22
10121,6,2025,305,380,76.2,109.52,2,0,3,5,4,324
10082,2,2025,860,83,78.06,114.4,2,1,0,3,3,89
10101,11,2025,469,19,91.68,115.36,0,3,0,3,2,10
10046,6,2025,221,23,94.38,118.79,1,0,0,1,1,34
10074,3,2027,717,15,81.55,118.01,1,0,0,1,1,12
10125,4,2027,862,15,86.32,94.34,0,1,0,1,1,9
10001,4,2025,682,7,111.59,124.22,4,1,3,8,6,8
10054,10,2025,871,170,73.95,98.92,1,0,5,6,6,160
10149,7,2026,722,30,109.03,130.18,2,2,0,4,4,32
10043,7,2025,187,10,110.42,139.4,0,5,0,5,4,6
10121,2,2025,305,380,97.4,110.68,4,3,0,7,4,199
10146,6,2026,105,9,63.41,91.96,0,4,1,5,4,12
10105,4,2026,301,13,64.54,97.82,2,0,2,4,3,9
10161,5,2025,614,9,110.24,142.51,0,1,0,1,1,5
10109,12,2024,200,11,71.07,85.87,0,0,0,0,0,17
10085,1,2027,297,1,158.0,190.0,0,1,0,1,1,6
10024,5,2025,549,301,78.84,115.19,6,0,4,10,9,144
10095,2,2026,270,14,87.77,98.54,2,2,0,4,2,29
10144,5,2026,189,15,77.85,114.49,0,0,0,0,0,22
10116,10,2025,631,15,101.93,141.87,3,2,0,5,4,15
10088,10,2024,535,3,51.26,84.86,1,0,0,1,1,4
10064,11,2026,340,6,95.44,103.49,2,0,3,5,2,5
10045,9,2024,725,36,77.06,110.69,0,0,1,1,1,26
10090,8,2025,422,9,91.51,109.68,0,0,0,0,0,10
10163,7,2025,782,8,80.91,96.22,0,3,3,6,4,6
10096,12,2025,592,8,64.71,71.47,1,1,2,4,3,7
10001,10,2024,682,7,73.69,87.72,0,1,0,1,1,6
10121,12,2025,305,380,72.74,88.45,3,0,18,21,19,380
10081,3,2025,768,2,131.66,158.99,1,0,1,2,1,6
10080,12,2025,639,227,95.4,136.91,0,5,2,7,6,137
10103,11,2026,561,2,80.21,104.27,0,0,1,1,0,2
10080,3,2024,639,152,73.75,85.45,0,0,9,9,8,163
10051,6,2027,536,47,88.37,121.62,0,1,1,2,2,36
10029,6,2027,904,24,68.6,106.91,0,3,0,3,2,27
10106,9,2025,697,5,131.09,177.02,0,4,0,4,3,10
10086,7,2026,139,17,107.26,131.22,0,3,0,3,2,16
10098,11,2024,238,77,86.64,120.79,3,0,0,3,2,67
10007,10,2025,303,47,104.5,113.36,1,10,0,11,6,51
10075,11,2026,735,7,67.43,99.32,0,0,3,3,2,8
10004,6,2027,564,36,95.17,132.31,1,0,0,1,1,23
10113,8,2026,309,2,121.14,150.53,1,2,0,3,2,6
10013,12,2026,838,6,96.09,113.98,1,0,1,2,1,6
10038,1,2027,221,8,89.42,126.09,0,0,0,0,0,6
10025,11,2024,621,37,80.86,116.42,3,0,1,4,3,27
10034,6,2025,383,32,95.68,137.63,2,0,0,2,2,21
10009,12,2024,655,148,82.0,111.97,0,0,0,0,0,208
10137,6,2026,630,113,104.39,141.61,8,15,0,23,17,75
10087,5,2024,809,8,106.52,138.85,0,0,0,0,0,9
10021,5,2024,164,284,67.9,106.41,1,1,28,30,18,305
10084,8,2025,607,14,75.46,85.05,0,2,0,2,1,16
10125,6,2025,862,25,75.83,114.53,3,1,0,4,3,30
10068,1,2025,851,44,66.19,88.1,0,0,6,6,5,69
10103,6,2026,561,2,89.48,131.85,2,0,0,2,2,1
10090,7,2024,422,11,73.27,113.62,0,0,0,0,0,1
10147,5,2024,471,19,81.12,113.12,0,0,2,2,1,31
10157,6,2026,786,2,104.08,136.51,2,2,2,6,2,5
10096,11,2025,592,8,64.55,106.2,0,0,1,1,1,4
10109,6,2026,200,10,54.34,68.42,0,0,8,8,6,9
10112,11,2024,434,12,118.68,138.46,2,4,2,8,3,9
10033,12,2024,95,9,109.71,118.95,2,1,0,3,1,11
10070,12,2024,469,7,90.0,102.96,0,0,2,2,1,3
10118,10,2024,692,19,83.9,93.3,0,0,0,0,0,20
10106,10,2025,697,7,89.09,100.37,0,0,0,0,0,6
10090,12,2025,422,11,84.57,104.19,0,0,0,0,0,11
10120,12,2024,378,11,71.02,90.52,0,0,0,0,0,5
10114,6,2024,649,7,99.91,120.54,2,0,0,2,1,8
10026,11,2024,115,8,80.48,95.56,2,0,1,3,2,4
10037,2,2026,273,6,78.73,120.49,0,0,0,0,0,8
10125,2,2027,862,13,80.21,90.73,0,2,0,2,1,10
10157,4,2025,786,3,54.01,79.82,1,0,3,4,3,1
10107,9,2026,885,25,84.87,99.42,1,0,2,3,3,39
10074,1,2025,717,28,77.97,108.14,2,2,0,4,3,48
10152,9,2027,639,2,103.73,127.88,0,0,2,2,1,2
10147,11,2024,471,23,81.68,104.99,0,1,0,1,0,25
10097,5,2024,544,4,80.38,109.56,0,0,1,1,1,2
10044,1,2027,187,10,77.13,83.55,1,0,1,2,1,12
10023,1,2026,159,37,62.33,80.26,0,0,5,5,3,33
10125,1,2027,862,13,61.65,66.57,0,1,2,3,2,14
10141,6,2025,910,18,99.96,119.62,0,0,1,1,1,17
10125,3,2026,862,21,105.11,126.32,0,0,1,1,0,9
10143,11,2025,727,53,77.98,88.06,0,0,1,1,1,33
10008,3,2025,140,41,71.37,96.38,0,0,4,4,4,18
10009,1,2026,655,137,75.79,85.81,0,0,0,0,0,168
10103,3,2027,561,1,110.67,132.35,0,0,0,0,0,2
10044,1,2025,187,12,109.95,141.13,1,4,0,5,4,18
10120,1,2025,378,10,124.96,151.88,0,2,1,3,2,10
10146,8,2026,105,9,100.61,134.99,1,0,0,1,1,9
10143,8,2024,727,31,118.94,150.63,0,8,0,8,6,38
10089,10,2024,840,5,105.1,114.27,4,0,0,4,2,4
10057,5,2026,274,34,85.59,95.43,0,0,1,1,0,33
10168,4,2024,102,129,91.79,126.14,5,6,0,11,7,131
10109,9,2024,200,12,75.79,79.95,1,0,0,1,1,10
10169,7,2026,425,21,66.14,85.49,0,0,0,0,0,27
10164,4,2025,498,50,94.39,128.8,6,0,0,6,5,35
10021,10,2024,164,256,102.38,147.11,17,34,0,51,34,206
10116,8,2025,631,14,70.78,109.82,0,2,0,2,1,18
10108,12,2024,647,11,82.22,118.28,2,0,1,3,2,11
10096,8,2025,592,7,89.3,107.11,0,1,1,2,2,9
10158,8,2024,277,13,75.27,81.6,0,6,0,6,6,8
10057,3,2026,274,32,95.28,120.46,2,0,0,2,1,26
10028,1,2025,164,5,80.92,113.83,1,4,0,5,3,4
10115,10,2024,399,35,120.96,162.77,5,3,2,10,9,47
10103,2,2027,561,2,80.16,95.31,0,0,0,0,0,1
10127,11,2026,510,12,74.31,83.98,0,0,0,0,0,6
10071,4,2025,540,36,100.88,114.44,0,3,0,3,2,32
10134,6,2024,124,1,107.36,144.58,1,0,0,1,1,2
10164,2,2027,498,64,92.7,104.19,0,0,0,0,0,79
10093,10,2025,510,14,95.39,138.42,1,0,0,1,1,13
10136,9,2024,854,63,114.37,143.34,4,17,0,21,16,112
10093,11,2025,510,13,98.36,112.5,1,3,1,5,4,14
10142,2,2026,918,3,85.77,115.9,0,0,0,0,0,1
10018,7,2026,175,141,72.18,108.9,0,0,9,9,8,158
10096,3,2026,592,8,99.38,143.99,0,5,1,6,3,6
10006,8,2024,455,34,124.76,153.61,1,14,0,15,7,32
10081,9,2025,768,2,93.47,142.93,0,0,2,2,1,3
10008,2,2025,140,31,93.51,133.9,3,0,4,7,4,26
10076,1,2026,327,38,96.23,109.35,2,3,1,6,4,38
10132,1,2026,662,68,95.49,133.58,3,0,0,3,2,65
10051,11,2027,536,34,89.56,110.95,1,1,0,2,2,27
10121,3,2026,305,326,77.08,106.65,0,0,0,0,0,322
10078,3,2027,555,36,87.98,116.22,0,0,3,3,2,37
10158,5,2026,277,14,95.88,120.87,0,0,0,0,0,9
10049,10,2026,145,361,59.02,94.3,20,3,86,109,91,380
10048,10,2025,655,103,69.27,88.86,0,0,3,3,1,88
10045,1,2026,725,40,82.22,118.99,5,1,0,6,3,22
10060,4,2024,192,16,77.34,108.38,1,1,2,4,2,14
10161,9,2024,614,8,71.41,107.96,1,0,0,1,1,7
10021,8,2024,164,245,102.03,120.83,6,17,1,24,21,153
10157,9,2027,786,1,129.03,178.69,0,1,1,2,1,7
10098,9,2024,238,55,80.75,97.17,0,1,1,2,1,49
10063,5,2026,605,9,88.74,114.24,0,4,2,6,5,11
10069,12,2024,570,61,95.15,121.13,0,2,0,2,1,67
10056,4,2026,414,91,89.1,117.86,1,0,3,4,2,86
10093,2,2025,510,11,70.23,78.05,0,2,0,2,2,17
10096,11,2026,592,4,134.31,176.05,3,4,0,7,4,4
10107,1,2026,885,23,82.91,111.0,0,3,2,5,3,11
10095,8,2026,270,12,74.07,97.51,0,0,1,1,1,5
10097,4,2024,544,5,63.56,91.52,1,0,0,1,1,4
10017,10,2026,559,96,114.02,154.5,6,27,3,36,17,98
10144,6,2025,189,23,66.77,101.21,0,0,5,5,2,26
10036,7,2024,355,7,92.88,128.2,0,0,0,0,0,3
10114,7,2025,649,11,111.27,154.34,3,6,0,9,7,5
10101,10,2025,469,27,92.24,132.51,1,0,1,2,1,17
10002,11,2026,847,3,75.07,110.83,0,0,1,1,1,1
10109,12,2025,200,16,104.17,113.08,1,0,0,1,1,5
10118,2,2025,692,18,115.13,167.61,2,2,0,4,4,16
10017,6,2025,559,146,121.84,164.99,3,43,0,46,40,109
10080,7,2026,639,226,95.68,125.54,9,0,0,9,4,136
10114,5,2026,649,8,102.86,116.44,0,0,0,0,0,5
10054,10,2024,871,130,84.99,120.19,3,3,1,7,3,165
10019,12,2026,488,21,86.69,104.93,0,0,0,0,0,19
10086,2,2027,139,16,76.15,117.96,1,0,0,1,0,18
10035,8,2024,335,4,94.04,120.26,3,3,0,6,4,8
10114,6,2026,649,8,97.65,133.05,0,0,0,0,0,2
10035,1,2025,335,9,114.27,160.39,1,4,0,5,2,5
10079,1,2026,706,19,69.09,92.4,0,4,3,7,4,16
10005,10,2025,184,18,94.38,113.28,0,0,1,1,1,31
10151,2,2025,99,145,90.38,97.73,2,0,0,2,1,98
10029,4,2025,904,27,77.78,96.53,0,1,1,2,2,19
10128,11,2024,746,328,93.38,131.95,12,0,1,13,11,380
10071,1,2025,540,28,102.16,133.08,0,0,0,0,0,25
10122,12,2026,593,8,98.09,117.84,2,0,0,2,2,4
10167,3,2025,804,67,95.82,107.09,0,0,6,6,3,89
10105,3,2025,301,13,64.73,72.16,0,1,1,2,2,10
10140,12,2025,672,100,87.29,94.26,0,2,0,2,1,98
10034,11,2025,383,28,95.95,137.74,0,0,0,0,0,21
10037,4,2026,273,5,86.47,121.76,0,0,0,0,0,5
10144,4,2025,189,22,90.89,128.77,1,0,2,3,2,21
10113,5,2025,309,3,92.98,131.36,2,1,2,5,3,1
10006,12,2024,455,48,106.93,149.21,4,11,2,17,11,42
10145,12,2026,863,6,114.29,128.94,3,2,3,8,6,8
10140,10,2025,672,95,96.25,119.13,3,0,0,3,3,99
10168,2,2027,102,128,105.08,132.35,5,17,0,22,10,139
10074,6,2024,717,22,88.15,98.14,1,3,0,4,2,32
10061,6,2026,854,94,87.23,121.34,2,0,1,3,2,87
10148,5,2025,491,53,96.55,112.93,1,0,3,4,3,74
10129,10,2025,339,8,97.92,143.37,0,5,0,5,4,7
10006,10,2024,455,45,108.37,136.73,2,9,1,12,7,75
10027,10,2025,268,8,89.78,131.16,1,1,0,2,1,5
10096,8,2026,592,7,76.86,113.55,2,0,1,3,2,4
10128,10,2024,746,299,85.81,114.14,1,0,0,1,0,361
10025,9,2026,621,33,73.98,107.94,0,0,0,0,0,34
10164,11,2027,498,44,81.74,113.18,0,2,0,2,1,55
10039,8,2026,691,71,84.2,120.29,3,4,1,8,7,100
10168,12,2026,102,139,96.14,110.33,1,0,0,1,1,99
10025,1,2026,621,54,97.94,112.32,2,2,0,4,4,48
10003,6,2027,290,139,77.05,99.81,1,4,0,5,4,219
